订单号,产品类别,产品名称,销售数量,单价,客户所在城市,支付方式,订单日期
6800000936,服装,T恤,23,186,洛阳,支付宝,2025-01-27
6800001009,电子产品,蓝牙耳机,2,778,福州,支付宝,2025-05-30
6800000321,珠宝首饰,发饰,13,3942,合肥,微信支付,2025-04-14
6800001200,图书,小说,24,63,潍坊,银行卡,2025-04-16
6800001042,汽车用品,车载支架,38,65,佛山,现金,2025-05-10
6800001224,办公用品,档案盒,38,78,成都,信用卡,2025-11-26
6800000571,医疗器械,雾化器,10,38,沈阳,信用卡,2025-10-22
6800000436,珠宝首饰,项链,27,1646,武汉,支付宝,2025-12-20
6800001207,珠宝首饰,吊坠,17,3103,泉州,现金,2025-11-01
6800000966,运动户外,足球,45,1846,温州,支付宝,2025-06-01
6800000480,母婴,婴儿湿巾,1,230,成都,信用卡,2025-03-01
6800000340,运动户外,足球,32,817,珠海,现金,2025-09-04
6800001196,美妆,香水,29,48,嘉兴,银行卡,2025-03-10
6800000762,医疗器械,拐杖,2,293,武汉,微信支付,2025-10-02
6800000618,运动户外,哑铃,3,1949,成都,支付宝,2025-05-04
6800001000,运动户外,哑铃,30,638,杭州,数字人民币,2025-11-20
6800000704,图书,儿童绘本,45,100,武汉,信用卡,2025-01-18
6800000352,运动户外,篮球,38,194,天津,微信支付,2025-11-25
6800000731,电子产品,显示器,14,3590,昆明,银行卡,2025-06-01
6800000816,图书,科普读物,47,149,珠海,现金,2025-10-18
6800000836,珠宝首饰,戒指,5,4245,武汉,现金,2025-12-31
6800001208,运动户外,瑜伽垫,14,382,常州,银行卡,2025-01-27
6800001054,图书,小说,14,78,中山,数字人民币,2025-01-25
6800001110,办公用品,打印纸,47,196,拉萨,信用卡,2025-08-23
6800000679,服装,衬衫,13,285,昆明,现金,2025-07-04
6800001065,宠物用品,食盆,24,94,烟台,数字人民币,2025-03-20
6800001063,图书,小说,46,98,石家庄,银行卡,2025-07-12
6800000747,汽车用品,行车记录仪,14,882,佛山,现金,2025-02-03
6800000350,办公用品,打印纸,9,161,乌鲁木齐,支付宝,2025-05-03
6800001056,图书,经济学,14,71,福州,数字人民币,2025-02-04
6800000630,母婴,婴儿车,23,415,无锡,云闪付,2025-01-03
6800000303,食品,海苔,2,20,深圳,数字人民币,2025-06-05
6800000707,汽车用品,香水,50,367,洛阳,微信支付,2025-07-29
6800000599,家居用品,置物架,18,438,泉州,现金,2025-05-25
6800000555,服装,帽子,33,284,银川,银行卡,2025-03-24
6800000961,宠物用品,玩具球,17,246,温州,数字人民币,2025-05-13
6800001055,美妆,护手霜,4,271,杭州,云闪付,2025-10-09
6800001275,运动户外,哑铃,6,256,佛山,数字人民币,2025-05-22
6800000774,办公用品,便签纸,41,156,岳阳,信用卡,2025-04-01
6800001130,图书,经济学,9,123,银川,微信支付,2025-01-11
6800000458,服装,牛仔裤,18,344,洛阳,数字人民币,2025-05-25
6800000499,母婴,奶瓶,15,294,杭州,信用卡,2025-01-25
6800001141,珠宝首饰,脚链,9,3340,温州,支付宝,2025-08-19
6800000495,食品,咖啡,16,10,深圳,数字人民币,2025-01-20
6800000440,母婴,背带,47,534,长沙,信用卡,2025-09-11
6800001297,服装,卫衣,27,383,柳州,银行卡,2025-12-17
6800000410,汽车用品,脚垫,20,993,无锡,支付宝,2025-07-28
6800001047,图书,数据结构,6,112,长沙,数字人民币,2025-08-18
6800001291,汽车用品,香水,19,512,郑州,云闪付,2025-07-31
6800000783,美妆,面膜,21,138,苏州,微信支付,2025-04-06
6800000736,服装,连衣裙,38,118,乌鲁木齐,支付宝,2025-07-24
6800001139,医疗器械,口罩,33,235,沈阳,云闪付,2025-12-22
6800000327,家电,电磁炉,37,3694,广州,信用卡,2025-07-08
6800000474,宠物用品,玩具球,49,196,哈尔滨,信用卡,2025-07-23
6800000573,汽车用品,机油,32,464,岳阳,支付宝,2025-04-20
6800000964,办公用品,便签纸,13,108,福州,云闪付,2025-04-11
6800000314,服装,T恤,24,197,洛阳,云闪付,2025-11-25
6800000390,运动户外,骑行头盔,13,200,武汉,支付宝,2025-01-16
6800001269,宠物用品,猫抓板,10,226,长春,数字人民币,2025-01-28
6800000610,医疗器械,血压计,18,333,潍坊,数字人民币,2025-03-03
6800001099,家电,冰箱,10,1883,中山,支付宝,2025-02-15
6800000360,电子产品,手机,33,972,襄阳,银行卡,2025-07-27
6800000395,服装,T恤,10,438,太原,云闪付,2025-04-27
6800001039,家居用品,晾衣架,34,291,西宁,云闪付,2025-11-07
6800000698,图书,Python编程书,14,55,西安,现金,2025-05-05
6800000696,运动户外,篮球,32,684,南宁,支付宝,2025-10-22
6800001048,服装,羽绒服,50,305,宜昌,微信支付,2025-11-06
6800000517,汽车用品,脚垫,8,151,青岛,数字人民币,2025-05-23
6800001020,宠物用品,宠物零食,46,123,福州,微信支付,2025-01-12
6800000770,医疗器械,血压计,43,36,乌鲁木齐,银行卡,2025-03-01
6800000638,办公用品,签字笔,49,77,烟台,数字人民币,2025-05-15
6800001151,服装,外套,46,215,石家庄,现金,2025-11-20
6800000694,家居用品,枕头,32,158,乌鲁木齐,现金,2025-01-15
6800000801,美妆,防晒霜,27,60,南京,支付宝,2025-03-28
6800000794,汽车用品,车载支架,15,916,杭州,支付宝,2025-10-28
6800000728,汽车用品,座套,46,772,无锡,银行卡,2025-09-12
6800000421,母婴,辅食机,9,207,银川,云闪付,2025-11-30
6800000922,医疗器械,雾化器,37,136,拉萨,云闪付,2025-08-23
6800000810,宠物用品,驱虫药,40,178,苏州,现金,2025-05-22
6800000489,汽车用品,座套,40,815,深圳,微信支付,2025-12-31
6800001112,汽车用品,行车记录仪,21,220,拉萨,微信支付,2025-11-30
6800000654,食品,饼干,18,94,太原,现金,2025-04-07
6800001052,汽车用品,香水,33,702,长春,信用卡,2025-06-28
6800001036,运动户外,瑜伽垫,38,1805,宜昌,支付宝,2025-05-29
6800000668,医疗器械,雾化器,22,167,杭州,现金,2025-08-09
6800001159,食品,蜂蜜,33,23,台州,云闪付,2025-06-17
6800000804,家居用品,置物架,15,289,嘉兴,数字人民币,2025-02-18
6800000828,服装,外套,17,202,重庆,微信支付,2025-10-04
6800000980,图书,Python编程书,48,34,温州,现金,2025-06-17
6800000852,母婴,辅食机,5,136,潍坊,银行卡,2025-11-03
6800001180,宠物用品,猫砂,18,149,佛山,银行卡,2025-03-06
6800000969,美妆,精华液,16,196,北京,支付宝,2025-09-14
6800001263,母婴,奶瓶,40,28,广州,银行卡,2025-06-11
6800000769,电子产品,智能音箱,1,3597,桂林,银行卡,2025-07-28
6800000978,宠物用品,宠物零食,28,50,西安,云闪付,2025-09-12
6800001131,家电,热水器,38,3560,无锡,微信支付,2025-12-14
6800000462,美妆,香水,33,31,徐州,微信支付,2025-06-30
6800001244,美妆,防晒霜,21,244,洛阳,云闪付,2025-09-05
6800001114,汽车用品,脚垫,11,376,广州,信用卡,2025-06-06
6800000357,电子产品,摄像头,6,1378,哈尔滨,微信支付,2025-01-15
6800000790,医疗器械,消毒液,30,244,重庆,微信支付,2025-04-22
6800000748,家电,微波炉,20,4593,拉萨,现金,2025-09-14
6800001149,宠物用品,宠物窝,34,149,绍兴,微信支付,2025-01-03
6800000479,电子产品,蓝牙耳机,46,3541,金华,云闪付,2025-10-28
6800001118,图书,心理学,28,21,拉萨,现金,2025-03-19
6800000782,宠物用品,宠物窝,6,233,哈尔滨,信用卡,2025-09-08
6800000438,电子产品,摄像头,47,4273,乌鲁木齐,数字人民币,2025-11-28
6800000755,美妆,面膜,16,218,南京,现金,2025-10-09
6800000856,家电,空调,50,4529,呼和浩特,微信支付,2025-08-09
6800000988,图书,儿童绘本,6,76,苏州,支付宝,2025-10-04
6800000861,医疗器械,消毒液,39,494,杭州,信用卡,2025-10-27
6800001094,母婴,纸尿裤,50,799,昆明,云闪付,2025-08-18
6800000344,汽车用品,机油,4,266,青岛,微信支付,2025-08-05
6800001271,图书,Python编程书,11,32,绍兴,微信支付,2025-11-12
6800001150,美妆,口红,45,89,三亚,数字人民币,2025-02-01
6800000773,服装,运动鞋,28,432,杭州,现金,2025-08-01
6800000402,汽车用品,座套,26,358,东莞,现金,2025-07-19
6800000368,宠物用品,猫粮,45,149,苏州,现金,2025-07-26
6800000661,家居用品,毛巾,5,52,南京,数字人民币,2025-06-22
6800001273,母婴,背带,5,289,南宁,数字人民币,2025-12-04
6800000877,服装,衬衫,24,209,合肥,信用卡,2025-11-02
6800000366,图书,儿童绘本,34,138,北京,数字人民币,2025-04-11
6800000972,图书,历史书,28,56,金华,信用卡,2025-07-01
6800000348,母婴,婴儿车,11,447,天津,信用卡,2025-12-21
6800000437,运动户外,篮球,48,1192,合肥,云闪付,2025-09-04
6800000941,服装,卫衣,50,351,烟台,支付宝,2025-05-06
6800000528,家居用品,晾衣架,14,234,烟台,支付宝,2025-04-17
6800001027,美妆,防晒霜,40,34,南京,支付宝,2025-09-29
6800001053,电子产品,平板电脑,16,606,中山,现金,2025-04-22
6800000904,美妆,眼霜,16,151,桂林,现金,2025-05-31
6800000470,母婴,婴儿车,27,312,长沙,云闪付,2025-01-11
6800000958,电子产品,摄像头,32,4678,呼和浩特,微信支付,2025-11-03
6800001237,电子产品,平板电脑,39,1723,深圳,现金,2025-06-30
6800000738,图书,传记,27,129,绍兴,现金,2025-07-06
6800000653,电子产品,显示器,14,835,宜昌,云闪付,2025-12-09
6800000894,电子产品,路由器,40,3309,台州,云闪付,2025-07-26
6800001272,母婴,婴儿湿巾,31,791,南京,微信支付,2025-03-16
6800001245,服装,短裤,49,54,南京,银行卡,2025-07-30
6800001252,美妆,口红,33,123,宜昌,银行卡,2025-09-21
6800001125,汽车用品,车载支架,14,990,佛山,微信支付,2025-09-09
6800001299,宠物用品,牵引绳,2,283,长春,现金,2025-12-28
6800001117,电子产品,充电宝,29,2743,苏州,银行卡,2025-04-30
6800000917,服装,衬衫,13,360,贵阳,支付宝,2025-02-13
6800000763,食品,巧克力,5,79,太原,云闪付,2025-09-12
6800001026,运动户外,哑铃,17,740,三亚,云闪付,2025-05-26
6800000456,服装,卫衣,2,149,襄阳,现金,2025-10-25
6800000797,宠物用品,牵引绳,46,276,泉州,云闪付,2025-06-19
6800001129,家电,洗衣机,29,4291,海口,支付宝,2025-04-02
6800000664,食品,饼干,31,25,宜昌,现金,2025-12-06
6800000700,运动户外,帐篷,41,429,绍兴,微信支付,2025-06-22
6800001260,服装,牛仔裤,18,234,东莞,数字人民币,2025-02-07
6800000609,运动户外,哑铃,11,1127,武汉,现金,2025-06-05
6800001091,宠物用品,玩具球,11,249,长沙,数字人民币,2025-06-30
6800000873,图书,数据结构,35,48,武汉,支付宝,2025-12-18
6800000562,家电,电饭煲,25,409,太原,现金,2025-10-11
6800000690,珠宝首饰,脚链,30,2567,沈阳,云闪付,2025-03-07
6800001038,办公用品,签字笔,49,34,无锡,现金,2025-03-21
6800000658,珠宝首饰,手镯,29,940,呼和浩特,支付宝,2025-11-27
6800000967,珠宝首饰,手镯,1,3986,徐州,云闪付,2025-10-29
6800001103,珠宝首饰,项链,1,4163,上海,云闪付,2025-03-22
6800000374,电子产品,平板电脑,29,3892,福州,支付宝,2025-09-26
6800000757,珠宝首饰,胸针,20,1466,绍兴,微信支付,2025-05-31
6800000302,汽车用品,座套,44,279,宜昌,微信支付,2025-12-05
6800000870,美妆,香水,19,35,大连,微信支付,2025-09-10
6800000521,图书,经济学,7,40,三亚,现金,2025-11-16
6800000564,办公用品,文件夹,15,190,乌鲁木齐,云闪付,2025-04-11
6800000824,运动户外,登山杖,21,537,柳州,支付宝,2025-03-20
6800001238,运动户外,骑行头盔,49,2881,常州,支付宝,2025-07-14
6800000492,家居用品,枕头,8,165,佛山,微信支付,2025-02-20
6800000944,食品,海苔,21,17,哈尔滨,云闪付,2025-07-04
6800000446,宠物用品,猫粮,12,103,宜昌,微信支付,2025-03-26
6800000514,汽车用品,脚垫,10,83,潍坊,云闪付,2025-11-13
6800000918,服装,衬衫,9,299,烟台,数字人民币,2025-09-30
6800000866,汽车用品,遮阳挡,33,686,柳州,现金,2025-03-20
6800000529,电子产品,显示器,30,2420,郑州,数字人民币,2025-05-23
6800000734,母婴,玩具,11,910,乌鲁木齐,数字人民币,2025-01-25
6800000615,家电,微波炉,49,3861,杭州,信用卡,2025-08-25
6800000758,图书,经济学,32,35,泉州,微信支付,2025-03-31
6800000891,美妆,洗面奶,11,134,石家庄,支付宝,2025-05-23
6800000845,电子产品,充电宝,2,2602,徐州,现金,2025-04-14
6800001250,电子产品,智能音箱,4,3161,襄阳,支付宝,2025-02-03
6800000879,珠宝首饰,戒指,50,4191,深圳,信用卡,2025-08-19
6800001013,美妆,眼霜,11,297,合肥,支付宝,2025-05-15
6800000874,运动户外,登山杖,21,1728,郑州,现金,2025-04-01
6800000463,运动户外,帐篷,47,95,深圳,云闪付,2025-07-11
6800000397,美妆,香水,18,136,哈尔滨,支付宝,2025-11-05
6800000400,食品,牛肉干,28,26,株洲,信用卡,2025-08-27
6800000751,办公用品,便签纸,13,7,武汉,银行卡,2025-05-14
6800001204,宠物用品,猫砂,26,76,贵阳,支付宝,2025-07-05
6800001287,汽车用品,脚垫,9,47,桂林,银行卡,2025-09-20
6800000722,珠宝首饰,发饰,41,4311,哈尔滨,支付宝,2025-09-04
6800001142,办公用品,打印纸,30,174,太原,支付宝,2025-11-17
6800001043,运动户外,跑步机,4,1567,海口,现金,2025-02-09
6800000913,汽车用品,香水,4,951,重庆,云闪付,2025-11-09
6800000607,母婴,纸尿裤,25,658,株洲,信用卡,2025-05-28
6800000602,食品,饼干,2,49,绍兴,微信支付,2025-01-12
6800000380,办公用品,订书机,4,172,金华,微信支付,2025-10-16
6800000830,服装,羽绒服,28,327,深圳,银行卡,2025-08-17
6800000469,美妆,防晒霜,27,200,宁波,支付宝,2025-11-25
6800000413,家电,电风扇,8,373,常州,微信支付,2025-04-09
6800001235,电子产品,手机,42,915,洛阳,信用卡,2025-08-10
6800000777,医疗器械,消毒液,29,42,长沙,数字人民币,2025-06-07
6800000986,家居用品,枕头,26,249,拉萨,支付宝,2025-11-17
6800000632,汽车用品,机油,42,616,温州,支付宝,2025-05-07
6800001188,美妆,防晒霜,41,40,石家庄,现金,2025-09-13
6800000449,运动户外,足球,9,381,太原,微信支付,2025-04-25
6800000749,母婴,纸尿裤,44,218,襄阳,信用卡,2025-01-26
6800000389,家居用品,保温杯,21,100,长春,数字人民币,2025-03-02
6800000864,办公用品,马克笔,9,70,株洲,云闪付,2025-12-02
6800000626,宠物用品,宠物窝,42,59,常州,支付宝,2025-06-27
6800001296,医疗器械,口罩,6,275,武汉,支付宝,2025-11-30
6800001192,珠宝首饰,胸针,23,4815,潍坊,数字人民币,2025-06-03
6800000779,服装,短裤,14,113,福州,支付宝,2025-03-22
6800001164,母婴,安全座椅,29,115,珠海,信用卡,2025-08-30
6800001135,医疗器械,纱布,41,433,常州,数字人民币,2025-02-07
6800000995,母婴,背带,12,27,石家庄,云闪付,2025-04-27
6800000987,美妆,卸妆水,19,102,苏州,银行卡,2025-02-28
6800000461,汽车用品,脚垫,10,222,株洲,云闪付,2025-03-04
6800000454,珠宝首饰,吊坠,19,951,潍坊,数字人民币,2025-08-19
6800001066,图书,传记,49,114,台州,信用卡,2025-10-07
6800000660,食品,牛肉干,27,91,苏州,微信支付,2025-09-06
6800000826,办公用品,签字笔,19,120,南宁,现金,2025-08-08
6800000631,汽车用品,玻璃水,10,33,福州,银行卡,2025-04-13
6800000633,宠物用品,食盆,24,89,烟台,数字人民币,2025-08-08
6800001229,宠物用品,驱虫药,11,60,大连,信用卡,2025-03-04
6800000385,医疗器械,棉签,1,162,嘉兴,支付宝,2025-07-21
6800000316,珠宝首饰,脚链,12,3990,哈尔滨,现金,2025-08-23
6800000459,珠宝首饰,胸针,41,3424,合肥,现金,2025-05-08
6800000876,图书,Python编程书,31,101,乌鲁木齐,银行卡,2025-04-21
6800000909,服装,羽绒服,44,379,乌鲁木齐,支付宝,2025-11-15
6800001023,家电,微波炉,48,463,佛山,微信支付,2025-02-14
6800000465,食品,巧克力,48,8,嘉兴,微信支付,2025-01-11
6800000847,家居用品,保温杯,30,250,烟台,银行卡,2025-10-06
6800000685,宠物用品,猫砂,47,231,长沙,云闪付,2025-07-31
6800001022,母婴,婴儿湿巾,4,637,徐州,银行卡,2025-07-08
6800000482,家居用品,收纳箱,12,228,厦门,微信支付,2025-05-10
6800000619,珠宝首饰,脚链,44,1503,杭州,支付宝,2025-03-13
6800000955,食品,海苔,41,17,贵阳,微信支付,2025-06-14
6800000362,家电,热水器,37,3444,珠海,信用卡,2025-08-05
6800000666,家电,电磁炉,4,4121,石家庄,云闪付,2025-03-04
6800000409,图书,儿童绘本,36,83,西宁,信用卡,2025-03-04
6800001228,运动户外,跳绳,38,1677,北京,现金,2025-01-17
6800000833,食品,面包,33,31,哈尔滨,微信支付,2025-12-24
6800000301,电子产品,手机,49,2739,徐州,支付宝,2025-12-31
6800000422,母婴,纸尿裤,36,889,武汉,云闪付,2025-01-31
6800001201,宠物用品,驱虫药,24,117,西宁,支付宝,2025-04-26
6800000717,服装,帽子,45,347,佛山,信用卡,2025-03-06
6800000394,汽车用品,行车记录仪,19,550,温州,支付宝,2025-11-10
6800000923,珠宝首饰,吊坠,25,4348,乌鲁木齐,现金,2025-10-18
6800000957,医疗器械,轮椅,7,118,金华,信用卡,2025-03-27
6800000398,家电,电磁炉,8,899,青岛,现金,2025-09-27
6800000719,电子产品,路由器,25,4137,济南,现金,2025-07-05
6800000800,食品,咖啡,50,11,石家庄,现金,2025-08-11
6800001222,美妆,粉底液,21,69,银川,银行卡,2025-05-06
6800001068,母婴,背带,17,252,襄阳,云闪付,2025-02-13
6800000683,运动户外,登山杖,27,2978,西安,云闪付,2025-12-05
6800000339,美妆,香水,23,228,西宁,云闪付,2025-07-22
6800000715,食品,茶叶,39,89,海口,银行卡,2025-02-17
6800001018,家电,微波炉,6,2244,重庆,微信支付,2025-12-07
6800000596,汽车用品,车载支架,35,73,洛阳,微信支付,2025-11-03
6800001078,电子产品,摄像头,34,3920,天津,现金,2025-03-17
6800000829,医疗器械,雾化器,16,440,南宁,信用卡,2025-12-11
6800001234,家居用品,晾衣架,5,83,无锡,云闪付,2025-02-09
6800000487,食品,饼干,5,65,襄阳,现金,2025-06-20
6800000791,办公用品,打印纸,13,111,南宁,云闪付,2025-12-18
6800000496,医疗器械,口罩,17,47,石家庄,云闪付,2025-01-29
6800000512,家电,冰箱,31,3781,东莞,微信支付,2025-03-22
6800000444,家居用品,晾衣架,1,219,三亚,数字人民币,2025-03-02
6800000949,家居用品,置物架,12,153,长春,信用卡,2025-12-23
6800000467,食品,茶叶,40,57,成都,银行卡,2025-11-24
6800000582,服装,外套,10,185,贵阳,微信支付,2025-04-15
6800000805,家居用品,毛巾,5,200,贵阳,现金,2025-12-16
6800000655,家居用品,收纳箱,20,383,郑州,银行卡,2025-07-18
6800000588,食品,巧克力,50,80,呼和浩特,支付宝,2025-07-29
6800001267,运动户外,帐篷,20,2971,西宁,云闪付,2025-04-18
6800000844,服装,牛仔裤,30,54,大连,现金,2025-05-20
6800000746,医疗器械,棉签,44,10,三亚,信用卡,2025-01-29
6800001167,电子产品,蓝牙耳机,34,1594,温州,信用卡,2025-03-27
6800001025,母婴,背带,42,560,福州,银行卡,2025-10-21
6800000753,电子产品,路由器,49,464,南宁,现金,2025-05-30
6800000497,食品,牛奶,31,62,中山,微信支付,2025-02-16
6800000441,汽车用品,轮胎充气泵,32,222,襄阳,现金,2025-11-20
6800000931,母婴,玩具,31,951,佛山,信用卡,2025-02-05
6800001076,食品,巧克力,9,58,拉萨,微信支付,2025-10-13
6800001028,服装,卫衣,47,466,潍坊,微信支付,2025-11-09
6800001120,电子产品,手机,49,3124,烟台,云闪付,2025-05-17
6800000579,家电,电风扇,13,4906,宜昌,现金,2025-05-25
6800000898,办公用品,订书机,27,162,长沙,云闪付,2025-10-13
6800001169,服装,短裤,35,470,株洲,现金,2025-05-07
6800000332,食品,蜂蜜,39,69,南宁,云闪付,2025-05-06
6800000598,宠物用品,食盆,16,40,昆明,云闪付,2025-02-10
6800000869,图书,儿童绘本,26,31,呼和浩特,现金,2025-01-04
6800000420,食品,饼干,50,10,济南,银行卡,2025-07-23
6800000490,医疗器械,雾化器,33,124,青岛,数字人民币,2025-06-18
6800000587,运动户外,瑜伽垫,11,2870,厦门,数字人民币,2025-06-27
6800000585,家居用品,台灯,6,81,温州,微信支付,2025-01-08
6800000983,家电,电风扇,28,4410,天津,微信支付,2025-04-14
6800000322,母婴,玩具,21,160,东莞,信用卡,2025-08-07
6800000854,汽车用品,充电器,47,704,青岛,信用卡,2025-12-25
6800001037,食品,海苔,27,99,泉州,微信支付,2025-05-23
6800001051,电子产品,键盘,43,3412,深圳,云闪付,2025-11-23
6800001107,医疗器械,拐杖,37,378,佛山,现金,2025-04-21
6800001281,珠宝首饰,吊坠,20,3559,贵阳,银行卡,2025-07-19
6800000628,珠宝首饰,脚链,44,4762,合肥,微信支付,2025-10-19
6800000485,宠物用品,猫粮,30,146,南宁,数字人民币,2025-07-11
6800000546,医疗器械,轮椅,47,477,中山,信用卡,2025-03-12
6800000766,汽车用品,行车记录仪,45,485,上海,云闪付,2025-05-17
6800000682,电子产品,路由器,7,3153,宁波,信用卡,2025-11-08
6800001211,美妆,香水,10,269,郑州,信用卡,2025-09-15
6800001168,运动户外,帐篷,33,2285,成都,现金,2025-01-22
6800000888,汽车用品,充电器,6,768,宜昌,信用卡,2025-09-25
6800001017,服装,羽绒服,26,60,三亚,信用卡,2025-02-12
6800000695,电子产品,路由器,17,1572,绍兴,现金,2025-07-13
6800001236,医疗器械,纱布,2,328,洛阳,支付宝,2025-03-25
6800000358,医疗器械,创可贴,36,234,杭州,现金,2025-02-25
6800000623,服装,衬衫,23,218,沈阳,云闪付,2025-05-29
6800000737,汽车用品,脚垫,32,943,拉萨,现金,2025-03-30
6800000452,服装,帽子,15,281,徐州,银行卡,2025-08-17
6800000442,家居用品,晾衣架,40,283,西宁,信用卡,2025-10-29
6800000379,珠宝首饰,脚链,31,3311,合肥,支付宝,2025-02-11
6800000832,家电,热水器,39,4906,金华,银行卡,2025-12-13
6800000649,服装,牛仔裤,45,367,珠海,银行卡,2025-05-09
6800001241,珠宝首饰,戒指,29,3701,深圳,银行卡,2025-09-27
6800001268,服装,运动鞋,21,109,绍兴,微信支付,2025-12-22
6800000592,电子产品,显示器,22,635,海口,银行卡,2025-05-10
6800000881,医疗器械,纱布,6,317,洛阳,支付宝,2025-06-02
6800001240,宠物用品,玩具球,37,179,合肥,银行卡,2025-03-08
6800000886,珠宝首饰,戒指,38,1689,泉州,数字人民币,2025-08-06
6800000761,电子产品,键盘,37,1556,沈阳,支付宝,2025-09-09
6800000897,办公用品,白板,32,120,郑州,银行卡,2025-06-19
6800000493,家居用品,台灯,4,177,哈尔滨,支付宝,2025-03-24
6800001040,办公用品,打印纸,5,18,重庆,微信支付,2025-03-27
6800000313,珠宝首饰,耳环,31,2425,烟台,信用卡,2025-07-29
6800000617,宠物用品,猫粮,10,112,深圳,云闪付,2025-04-27
6800001205,办公用品,便签纸,4,141,成都,微信支付,2025-05-24
6800000558,美妆,面膜,12,162,西宁,微信支付,2025-10-19
6800000902,服装,连衣裙,12,238,泉州,云闪付,2025-02-17
6800000973,图书,数据结构,10,127,西安,支付宝,2025-05-11
6800001044,图书,科普读物,39,73,金华,云闪付,2025-03-28
6800000384,家电,空调,38,2221,济南,支付宝,2025-03-21
6800001060,图书,Python编程书,32,122,常州,微信支付,2025-01-19
6800000304,办公用品,白板,25,173,宜昌,信用卡,2025-06-09
6800000417,汽车用品,遮阳挡,49,880,潍坊,微信支付,2025-09-06
6800000624,家居用品,晾衣架,39,193,绍兴,数字人民币,2025-05-12
6800000750,宠物用品,宠物零食,1,217,烟台,云闪付,2025-02-02
6800001215,图书,Python编程书,48,53,杭州,现金,2025-12-26
6800000896,食品,坚果,45,16,天津,数字人民币,2025-06-29
6800000793,汽车用品,遮阳挡,14,418,大连,微信支付,2025-02-05
6800000754,图书,算法导论,39,56,海口,数字人民币,2025-10-30
6800001262,办公用品,白板,20,53,厦门,云闪付,2025-06-16
6800000577,母婴,玩具,2,349,昆明,微信支付,2025-09-27
6800001116,母婴,婴儿奶粉,7,957,三亚,信用卡,2025-04-11
6800000486,家居用品,置物架,48,109,岳阳,云闪付,2025-05-24
6800000565,母婴,安全座椅,13,258,武汉,数字人民币,2025-05-16
6800000509,珠宝首饰,项链,42,1510,成都,微信支付,2025-04-10
6800000732,服装,短裤,37,84,太原,信用卡,2025-02-05
6800001064,美妆,护手霜,32,138,上海,微信支付,2025-10-15
6800000771,家居用品,台灯,27,193,拉萨,支付宝,2025-07-11
6800000616,服装,T恤,35,220,大连,现金,2025-04-18
6800000445,图书,传记,50,79,大连,现金,2025-09-28
6800000629,服装,衬衫,10,53,南宁,微信支付,2025-10-26
6800001290,图书,科普读物,47,140,杭州,数字人民币,2025-01-05
6800001165,家居用品,垃圾桶,14,71,襄阳,云闪付,2025-04-18
6800001195,电子产品,摄像头,5,4921,贵阳,银行卡,2025-10-11
6800000920,服装,短裤,29,272,长沙,云闪付,2025-09-23
6800001059,食品,蜂蜜,21,59,南京,云闪付,2025-03-21
6800000674,办公用品,档案盒,24,32,无锡,云闪付,2025-06-23
6800000396,美妆,口红,24,228,乌鲁木齐,信用卡,2025-05-28
6800000993,电子产品,键盘,5,1434,青岛,银行卡,2025-02-02
6800001162,服装,T恤,36,209,温州,银行卡,2025-05-07
6800001136,母婴,睡袋,20,206,泉州,支付宝,2025-08-07
6800000688,美妆,香水,29,39,石家庄,云闪付,2025-01-28
6800000926,食品,牛肉干,45,85,泉州,银行卡,2025-07-18
6800000345,汽车用品,车载支架,7,128,北京,银行卡,2025-11-17
6800001226,运动户外,帐篷,1,2544,长春,微信支付,2025-01-17
6800000814,食品,牛奶,22,44,长春,支付宝,2025-04-10
6800000889,母婴,婴儿湿巾,20,400,海口,云闪付,2025-12-12
6800000803,服装,T恤,12,401,武汉,云闪付,2025-02-19
6800000434,宠物用品,猫粮,17,148,珠海,微信支付,2025-09-06
6800000333,服装,衬衫,21,480,广州,支付宝,2025-12-28
6800001216,家居用品,晾衣架,18,54,金华,银行卡,2025-10-27
6800000998,母婴,背带,49,212,天津,支付宝,2025-01-14
6800001197,美妆,精华液,19,219,天津,云闪付,2025-03-30
6800000681,电子产品,鼠标,40,4907,西安,微信支付,2025-02-19
6800001176,家电,电风扇,41,2235,上海,微信支付,2025-03-26
6800000831,家电,电饭煲,33,1632,柳州,微信支付,2025-06-03
6800001157,图书,数据结构,50,74,无锡,现金,2025-03-31
6800000813,办公用品,签字笔,21,14,桂林,信用卡,2025-10-08
6800000411,美妆,粉底液,35,263,温州,支付宝,2025-08-26
6800001300,图书,儿童绘本,19,31,株洲,支付宝,2025-10-05
6800000882,汽车用品,座套,3,160,海口,云闪付,2025-11-09
6800000938,食品,面包,9,55,南宁,数字人民币,2025-04-27
6800000834,汽车用品,车载支架,35,249,南宁,现金,2025-11-07
6800000860,电子产品,路由器,9,2511,合肥,支付宝,2025-06-17
6800000652,家电,热水器,33,2516,无锡,信用卡,2025-08-17
6800001098,食品,茶叶,19,19,武汉,信用卡,2025-10-29
6800000435,美妆,精华液,5,267,厦门,微信支付,2025-03-16
6800000405,电子产品,显示器,24,3797,杭州,微信支付,2025-07-11
6800001154,食品,蜂蜜,25,85,泉州,云闪付,2025-06-18
6800000863,家电,空调,19,390,广州,数字人民币,2025-05-22
6800000406,运动户外,足球,12,670,岳阳,微信支付,2025-08-03
6800001030,医疗器械,棉签,14,393,西安,云闪付,2025-09-17
6800000320,宠物用品,宠物窝,15,295,天津,支付宝,2025-06-18
6800000640,宠物用品,狗粮,46,257,重庆,支付宝,2025-01-03
6800000551,服装,帽子,18,356,天津,银行卡,2025-03-24
6800000308,汽车用品,玻璃水,32,298,海口,信用卡,2025-01-23
6800001214,美妆,眼霜,3,145,青岛,银行卡,2025-09-30
6800000488,医疗器械,雾化器,30,424,呼和浩特,数字人民币,2025-07-31
6800000364,家电,热水器,8,3029,台州,数字人民币,2025-11-05
6800000686,运动户外,帐篷,11,2639,呼和浩特,信用卡,2025-02-25
6800000739,运动户外,骑行头盔,41,1464,西安,信用卡,2025-02-20
6800000433,家居用品,毛巾,29,380,上海,现金,2025-12-23
6800000846,美妆,洗面奶,45,99,温州,数字人民币,2025-05-20
6800001083,母婴,奶瓶,47,461,潍坊,现金,2025-08-10
6800001034,医疗器械,创可贴,48,410,南宁,微信支付,2025-05-18
6800001072,电子产品,鼠标,37,4293,洛阳,云闪付,2025-02-03
6800000789,珠宝首饰,戒指,8,1476,长春,信用卡,2025-02-16
6800001298,美妆,防晒霜,19,162,南京,现金,2025-01-08
6800000328,医疗器械,消毒液,1,345,成都,数字人民币,2025-12-29
6800000481,珠宝首饰,发饰,41,1263,南京,支付宝,2025-02-02
6800000659,医疗器械,消毒液,26,140,苏州,微信支付,2025-11-13
6800000912,医疗器械,血压计,6,32,呼和浩特,支付宝,2025-05-05
6800000905,母婴,安全座椅,45,379,杭州,云闪付,2025-04-01
6800001175,汽车用品,遮阳挡,50,972,佛山,支付宝,2025-09-26
6800000662,运动户外,哑铃,34,2060,绍兴,信用卡,2025-10-11
6800000590,宠物用品,牵引绳,50,139,合肥,微信支付,2025-10-21
6800000471,办公用品,便签纸,20,141,金华,云闪付,2025-01-20
6800000378,家居用品,沙发垫,31,457,金华,支付宝,2025-01-02
6800001248,珠宝首饰,手镯,36,1674,柳州,支付宝,2025-07-01
6800001163,食品,咖啡,20,61,济南,云闪付,2025-12-17
6800000636,珠宝首饰,手链,7,2701,银川,微信支付,2025-05-27
6800001172,美妆,防晒霜,14,73,石家庄,银行卡,2025-12-18
6800001266,母婴,婴儿车,34,721,洛阳,现金,2025-12-03
6800000945,医疗器械,创可贴,19,269,中山,云闪付,2025-05-08
6800001203,美妆,面膜,12,168,长沙,银行卡,2025-03-23
6800000539,珠宝首饰,戒指,35,2881,宁波,微信支付,2025-02-13
6800000460,家电,空调,33,4394,西安,数字人民币,2025-05-02
6800000663,珠宝首饰,发饰,27,505,潍坊,现金,2025-08-29
6800000432,母婴,婴儿车,23,144,上海,数字人民币,2025-12-01
6800000994,图书,经济学,35,53,厦门,支付宝,2025-05-09
6800000531,医疗器械,创可贴,47,415,呼和浩特,信用卡,2025-02-18
6800000788,医疗器械,纱布,44,211,青岛,微信支付,2025-01-04
6800000792,宠物用品,狗粮,10,29,乌鲁木齐,支付宝,2025-09-01
6800000475,图书,小说,45,132,海口,云闪付,2025-10-27
6800000414,美妆,卸妆水,46,289,三亚,支付宝,2025-10-18
6800000956,电子产品,蓝牙耳机,47,2326,天津,数字人民币,2025-09-21
6800000483,汽车用品,车载支架,11,79,珠海,云闪付,2025-11-25
6800000361,电子产品,键盘,16,1492,西宁,现金,2025-12-18
6800000522,汽车用品,香水,14,760,西宁,支付宝,2025-01-24
6800000716,图书,传记,37,63,银川,支付宝,2025-03-25
6800000568,运动户外,篮球,16,563,广州,支付宝,2025-04-10
6800000356,母婴,婴儿奶粉,24,997,株洲,现金,2025-04-18
6800001193,家居用品,毛巾,6,377,柳州,信用卡,2025-01-22
6800000606,家电,空调,45,3268,柳州,信用卡,2025-03-02
6800000858,办公用品,订书机,22,22,呼和浩特,银行卡,2025-06-27
6800001007,宠物用品,牵引绳,26,48,石家庄,银行卡,2025-08-20
6800001041,母婴,安全座椅,30,778,拉萨,信用卡,2025-12-26
6800001257,美妆,眼霜,28,239,宁波,微信支付,2025-09-08
6800000311,食品,咖啡,27,77,海口,支付宝,2025-11-15
6800000336,服装,运动鞋,39,204,拉萨,现金,2025-05-07
6800000464,家居用品,台灯,9,452,银川,微信支付,2025-04-15
6800001105,家居用品,沙发垫,47,309,常州,现金,2025-10-16
6800000574,家电,冰箱,15,2581,杭州,微信支付,2025-11-15
6800000906,图书,科普读物,10,116,宜昌,现金,2025-05-25
6800000341,家电,热水器,2,2759,无锡,银行卡,2025-03-14
6800001294,电子产品,手机,44,2712,三亚,微信支付,2025-05-05
6800000542,宠物用品,猫砂,3,85,大连,支付宝,2025-09-03
6800000842,美妆,粉底液,7,179,海口,信用卡,2025-02-03
6800001212,电子产品,平板电脑,37,3228,徐州,微信支付,2025-02-18
6800000903,服装,牛仔裤,14,58,深圳,云闪付,2025-02-21
6800001230,珠宝首饰,发饰,49,1931,成都,云闪付,2025-04-25
6800001106,服装,牛仔裤,8,451,沈阳,云闪付,2025-06-12
6800001218,办公用品,笔记本,30,162,嘉兴,云闪付,2025-02-28
6800000656,家电,微波炉,18,3593,沈阳,微信支付,2025-07-20
6800000841,电子产品,摄像头,17,2893,上海,数字人民币,2025-07-05
6800001080,母婴,安全座椅,30,684,天津,数字人民币,2025-11-16
6800000335,图书,小说,11,145,大连,信用卡,2025-09-21
6800000760,汽车用品,车载支架,37,899,沈阳,支付宝,2025-07-25
6800000808,宠物用品,驱虫药,29,162,珠海,数字人民币,2025-04-10
6800000530,家居用品,保温杯,10,48,成都,数字人民币,2025-12-04
6800000702,汽车用品,车载支架,50,900,成都,支付宝,2025-12-28
6800000756,美妆,眼霜,38,260,嘉兴,数字人民币,2025-01-30
6800000900,家居用品,置物架,19,153,青岛,支付宝,2025-11-26
6800000312,办公用品,便签纸,19,29,东莞,微信支付,2025-04-07
6800000560,家居用品,枕头,27,413,长沙,信用卡,2025-03-09
6800000318,食品,茶叶,48,76,乌鲁木齐,银行卡,2025-07-17
6800000478,电子产品,充电宝,12,4013,金华,支付宝,2025-10-16
6800001115,服装,衬衫,34,411,佛山,银行卡,2025-08-13
6800000457,服装,卫衣,22,382,石家庄,云闪付,2025-03-16
6800000802,家电,电磁炉,29,1966,苏州,云闪付,2025-11-14
6800000545,宠物用品,牵引绳,32,102,三亚,微信支付,2025-05-02
6800001156,医疗器械,纱布,4,426,广州,数字人民币,2025-12-21
6800000334,母婴,玩具,25,413,株洲,数字人民币,2025-04-16
6800000687,珠宝首饰,手镯,31,4882,株洲,支付宝,2025-02-17
6800000319,服装,衬衫,1,160,上海,数字人民币,2025-05-27
6800000516,图书,数据结构,50,132,南宁,银行卡,2025-06-11
6800000933,服装,衬衫,12,166,绍兴,信用卡,2025-02-20
6800001062,汽车用品,玻璃水,39,178,上海,现金,2025-03-09
6800000575,医疗器械,消毒液,11,113,襄阳,现金,2025-07-10
6800000784,运动户外,帐篷,50,2449,桂林,数字人民币,2025-02-26
6800001264,珠宝首饰,发饰,18,3858,广州,数字人民币,2025-12-05
6800000346,美妆,口红,14,209,嘉兴,微信支付,2025-06-16
6800000855,母婴,纸尿裤,23,589,深圳,银行卡,2025-09-24
6800000991,母婴,安全座椅,2,775,大连,信用卡,2025-04-20
6800000911,运动户外,泳镜,34,1478,中山,银行卡,2025-03-15
6800000305,汽车用品,香水,29,175,杭州,数字人民币,2025-07-16
6800000942,服装,连衣裙,45,257,成都,银行卡,2025-08-19
6800000951,家居用品,垃圾桶,41,113,金华,信用卡,2025-03-27
6800001189,服装,牛仔裤,1,321,三亚,现金,2025-09-29
6800000878,汽车用品,脚垫,26,585,长春,微信支付,2025-11-08
6800000439,电子产品,鼠标,27,2165,东莞,银行卡,2025-03-10
6800000946,宠物用品,猫砂,27,11,西宁,银行卡,2025-01-29
6800000634,宠物用品,驱虫药,12,211,泉州,信用卡,2025-10-25
6800001113,食品,咖啡,42,11,郑州,信用卡,2025-01-18
6800000868,汽车用品,车载支架,7,895,中山,现金,2025-06-07
6800000382,家电,空调,39,4164,洛阳,银行卡,2025-06-16
6800001217,电子产品,显示器,10,2615,无锡,云闪付,2025-03-18
6800000359,美妆,香水,45,127,呼和浩特,现金,2025-10-19
6800000330,医疗器械,消毒液,17,274,郑州,云闪付,2025-02-25
6800000323,运动户外,足球,10,824,太原,数字人民币,2025-08-31
6800000729,医疗器械,棉签,25,340,宁波,现金,2025-02-21
6800000523,家电,电饭煲,37,764,厦门,支付宝,2025-03-28
6800000939,电子产品,充电宝,32,1589,哈尔滨,云闪付,2025-05-28
6800000927,办公用品,便签纸,8,193,太原,现金,2025-07-06
6800001179,服装,帽子,21,359,徐州,微信支付,2025-04-17
6800001029,家电,电饭煲,31,2527,石家庄,银行卡,2025-04-24
6800001045,医疗器械,拐杖,46,200,深圳,云闪付,2025-11-26
6800000691,食品,牛肉干,8,33,沈阳,现金,2025-08-03
6800000935,美妆,眼霜,27,44,温州,数字人民币,2025-05-17
6800000424,办公用品,文件夹,21,133,上海,银行卡,2025-12-25
6800000508,家电,电饭煲,12,3412,金华,现金,2025-10-20
6800000338,电子产品,显示器,18,4177,银川,现金,2025-04-20
6800001145,图书,儿童绘本,39,82,上海,微信支付,2025-08-02
6800000583,汽车用品,香水,12,612,常州,微信支付,2025-08-26
6800001087,宠物用品,玩具球,20,281,洛阳,微信支付,2025-09-23
6800000865,食品,坚果,36,79,武汉,信用卡,2025-06-12
6800000850,宠物用品,宠物窝,13,280,柳州,支付宝,2025-05-16
6800000549,办公用品,文件夹,18,37,上海,支付宝,2025-12-23
6800000919,电子产品,摄像头,36,2695,东莞,云闪付,2025-11-12
6800000569,宠物用品,宠物零食,46,50,洛阳,支付宝,2025-02-04
6800001134,食品,蜂蜜,25,35,洛阳,微信支付,2025-02-08
6800000712,宠物用品,食盆,32,201,中山,数字人民币,2025-10-04
6800000371,汽车用品,座套,22,855,徐州,云闪付,2025-12-24
6800000639,运动户外,跳绳,33,874,昆明,数字人民币,2025-02-23
6800001147,美妆,精华液,45,75,贵阳,支付宝,2025-05-07
6800001259,医疗器械,血压计,25,371,厦门,支付宝,2025-12-16
6800000772,汽车用品,充电器,46,888,三亚,银行卡,2025-06-26
6800000591,母婴,辅食机,5,662,福州,微信支付,2025-06-26
6800000677,医疗器械,血压计,44,379,株洲,数字人民币,2025-11-11
6800000644,家电,冰箱,49,1830,石家庄,数字人民币,2025-06-20
6800001138,家电,电风扇,2,1624,岳阳,云闪付,2025-01-21
6800001144,图书,数据结构,28,29,潍坊,云闪付,2025-05-09
6800001182,珠宝首饰,耳环,19,4001,福州,支付宝,2025-10-27
6800000580,电子产品,显示器,1,1003,株洲,数字人民币,2025-12-11
6800001002,图书,数据结构,27,137,济南,现金,2025-02-06
6800001092,食品,咖啡,29,6,常州,支付宝,2025-07-11
6800001077,图书,科普读物,10,149,太原,云闪付,2025-08-14
6800001155,办公用品,马克笔,27,62,重庆,信用卡,2025-06-18
6800001016,服装,牛仔裤,38,306,珠海,支付宝,2025-05-27
6800000498,母婴,婴儿湿巾,42,732,重庆,信用卡,2025-07-09
6800000798,汽车用品,车载支架,10,457,株洲,数字人民币,2025-04-25
6800001084,运动户外,跳绳,12,965,宜昌,支付宝,2025-10-09
6800000532,运动户外,跳绳,50,2327,长沙,数字人民币,2025-10-14
6800000672,珠宝首饰,手链,32,2060,天津,银行卡,2025-01-12
6800000787,图书,心理学,47,85,郑州,信用卡,2025-04-23
6800000635,家电,电风扇,16,2498,徐州,微信支付,2025-04-24
6800000892,食品,牛奶,23,25,潍坊,现金,2025-06-10
6800001126,母婴,奶瓶,37,153,西宁,微信支付,2025-05-20
6800001187,宠物用品,狗粮,25,248,珠海,信用卡,2025-03-15
6800000443,珠宝首饰,戒指,9,1118,合肥,银行卡,2025-05-09
6800001122,美妆,面膜,50,47,合肥,云闪付,2025-02-12
6800001153,运动户外,瑜伽垫,16,197,重庆,支付宝,2025-09-08
6800000572,电子产品,平板电脑,8,587,银川,数字人民币,2025-03-04
6800000386,电子产品,手机,7,2369,泉州,银行卡,2025-05-05
6800000504,母婴,婴儿车,13,851,宁波,信用卡,2025-03-17
6800001085,汽车用品,充电器,34,132,东莞,数字人民币,2025-09-30
6800001119,图书,儿童绘本,27,86,南宁,信用卡,2025-07-20
6800000526,图书,历史书,24,31,宁波,现金,2025-11-16
6800001004,运动户外,足球,14,1394,长春,微信支付,2025-03-20
6800000353,珠宝首饰,吊坠,17,3197,沈阳,现金,2025-10-16
6800001061,汽车用品,车载支架,35,592,珠海,银行卡,2025-02-25
6800000648,母婴,奶瓶,47,632,贵阳,信用卡,2025-05-24
6800001024,美妆,眼霜,25,223,株洲,云闪付,2025-12-03
6800000455,珠宝首饰,胸针,48,3396,哈尔滨,云闪付,2025-04-19
6800000365,母婴,婴儿湿巾,1,139,太原,微信支付,2025-11-20
6800000910,服装,外套,8,145,厦门,现金,2025-07-09
6800000827,家电,吸尘器,4,3398,大连,微信支付,2025-10-23
6800000466,家居用品,四件套,34,354,金华,支付宝,2025-05-10
6800000519,珠宝首饰,戒指,21,938,长沙,云闪付,2025-03-28
6800000990,服装,短裤,47,305,株洲,微信支付,2025-11-12
6800001265,家居用品,保温杯,25,198,上海,支付宝,2025-03-19
6800000795,家电,冰箱,26,1532,沈阳,现金,2025-06-28
6800000745,图书,历史书,34,41,长春,数字人民币,2025-01-13
6800001074,汽车用品,香水,37,234,深圳,支付宝,2025-10-06
6800000343,医疗器械,纱布,26,466,深圳,云闪付,2025-06-18
6800000418,宠物用品,驱虫药,10,68,昆明,微信支付,2025-01-28
6800001100,运动户外,登山杖,26,776,南宁,云闪付,2025-11-04
6800001178,办公用品,白板,45,161,呼和浩特,银行卡,2025-04-12
6800000776,运动户外,帐篷,50,2966,长春,支付宝,2025-09-24
6800000875,电子产品,蓝牙耳机,36,2256,南京,银行卡,2025-05-16
6800001140,电子产品,蓝牙耳机,6,525,潍坊,信用卡,2025-07-15
6800000404,运动户外,登山杖,13,512,石家庄,信用卡,2025-03-03
6800001198,电子产品,蓝牙耳机,43,238,重庆,支付宝,2025-12-12
6800001111,汽车用品,香水,4,687,东莞,支付宝,2025-12-23
6800000705,家居用品,四件套,23,22,呼和浩特,银行卡,2025-01-24
6800000839,美妆,眼霜,12,135,长沙,数字人民币,2025-07-11
6800001127,运动户外,跳绳,5,1260,南宁,支付宝,2025-09-18
6800000581,医疗器械,雾化器,20,220,合肥,现金,2025-06-17
6800001006,美妆,眼霜,25,64,长沙,信用卡,2025-12-01
6800000759,珠宝首饰,项链,14,4723,中山,云闪付,2025-10-09
6800000325,电子产品,手机,16,4642,济南,云闪付,2025-03-31
6800001243,母婴,睡袋,21,780,中山,支付宝,2025-09-30
6800000764,珠宝首饰,发饰,48,4443,潍坊,银行卡,2025-05-01
6800001232,汽车用品,遮阳挡,22,803,太原,现金,2025-10-16
6800000536,办公用品,计算器,20,68,福州,支付宝,2025-02-08
6800000943,家居用品,毛巾,42,306,合肥,银行卡,2025-01-23
6800001101,汽车用品,行车记录仪,26,794,广州,支付宝,2025-07-06
6800000812,珠宝首饰,手镯,18,3883,金华,支付宝,2025-11-05
6800001293,家电,加湿器,19,1234,贵阳,银行卡,2025-04-18
6800000430,图书,小说,12,100,厦门,数字人民币,2025-06-12
6800000950,珠宝首饰,胸针,45,1093,岳阳,支付宝,2025-07-13
6800001223,母婴,婴儿湿巾,26,126,银川,支付宝,2025-01-08
6800001089,珠宝首饰,袖扣,1,1747,珠海,信用卡,2025-01-26
6800001261,汽车用品,车载支架,36,163,天津,云闪付,2025-08-04
6800001158,电子产品,路由器,1,4587,天津,支付宝,2025-06-02
6800000309,珠宝首饰,耳环,2,2794,襄阳,银行卡,2025-05-15
6800000962,汽车用品,香水,18,878,南宁,数字人民币,2025-01-31
6800000984,母婴,玩具,24,275,北京,银行卡,2025-04-22
6800001032,医疗器械,雾化器,7,285,株洲,银行卡,2025-06-21
6800000447,家电,加湿器,43,1656,大连,信用卡,2025-06-13
6800000403,运动户外,哑铃,15,858,中山,信用卡,2025-03-16
6800000948,图书,算法导论,34,135,长春,数字人民币,2025-04-04
6800001003,美妆,防晒霜,29,218,杭州,信用卡,2025-11-30
6800001133,汽车用品,脚垫,3,134,佛山,云闪付,2025-04-13
6800001282,宠物用品,牵引绳,25,62,西安,支付宝,2025-10-04
6800001082,办公用品,签字笔,22,90,南宁,微信支付,2025-04-21
6800000743,美妆,精华液,23,68,长春,云闪付,2025-10-23
6800000506,家电,空调,16,998,天津,现金,2025-03-01
6800000843,医疗器械,血压计,44,173,拉萨,云闪付,2025-04-20
6800000337,医疗器械,棉签,1,405,岳阳,信用卡,2025-03-21
6800000423,办公用品,打印纸,2,49,长沙,支付宝,2025-10-08
6800000665,运动户外,泳镜,24,1993,东莞,云闪付,2025-11-20
6800000901,家居用品,垃圾桶,25,299,武汉,信用卡,2025-07-08
6800001012,家居用品,沙发垫,9,260,大连,信用卡,2025-12-05
6800000775,宠物用品,猫粮,43,253,长沙,信用卡,2025-10-12
6800000407,汽车用品,机油,7,459,北京,银行卡,2025-06-06
6800001108,电子产品,键盘,31,2346,珠海,信用卡,2025-09-22
6800001095,珠宝首饰,手镯,32,2562,乌鲁木齐,数字人民币,2025-07-26
6800001254,家电,电风扇,16,219,桂林,微信支付,2025-07-13
6800000752,美妆,防晒霜,14,75,拉萨,现金,2025-12-16
6800000593,家电,电风扇,3,1414,嘉兴,银行卡,2025-06-15
6800000837,服装,卫衣,44,135,佛山,微信支付,2025-05-13
6800000370,母婴,婴儿车,31,300,海口,银行卡,2025-06-07
6800001097,电子产品,键盘,46,1203,中山,微信支付,2025-12-27
6800000718,电子产品,智能音箱,19,4071,沈阳,支付宝,2025-04-03
6800000974,运动户外,泳镜,48,1415,长沙,数字人民币,2025-06-15
6800000849,食品,巧克力,15,12,天津,云闪付,2025-06-11
6800001067,医疗器械,拐杖,29,296,济南,数字人民币,2025-09-19
6800000426,图书,传记,44,90,石家庄,现金,2025-05-09
6800000324,医疗器械,轮椅,9,162,广州,信用卡,2025-11-22
6800000979,食品,海苔,19,16,青岛,微信支付,2025-07-05
6800000692,电子产品,路由器,15,1717,武汉,信用卡,2025-01-15
6800000741,宠物用品,猫抓板,12,176,烟台,微信支付,2025-12-05
6800000915,电子产品,蓝牙耳机,45,3132,南京,支付宝,2025-07-20
6800000853,汽车用品,遮阳挡,24,256,苏州,信用卡,2025-05-22
6800000326,家居用品,枕头,2,286,襄阳,数字人民币,2025-03-10
6800001079,图书,小说,13,84,无锡,云闪付,2025-11-12
6800000566,服装,外套,46,107,广州,云闪付,2025-04-11
6800001137,母婴,婴儿车,30,61,天津,数字人民币,2025-11-23
6800000544,美妆,卸妆水,22,133,上海,银行卡,2025-01-16
6800001286,美妆,护手霜,6,132,徐州,云闪付,2025-05-23
6800000507,电子产品,平板电脑,47,4999,桂林,现金,2025-08-02
6800000721,珠宝首饰,脚链,46,1384,海口,现金,2025-03-01
6800001008,汽车用品,座套,16,882,乌鲁木齐,现金,2025-11-13
6800000372,医疗器械,体温计,46,58,佛山,支付宝,2025-05-22
6800000453,母婴,安全座椅,50,261,潍坊,云闪付,2025-03-02
6800000887,服装,帽子,29,177,厦门,微信支付,2025-07-11
6800000605,图书,算法导论,47,114,佛山,数字人民币,2025-04-10
6800000899,医疗器械,创可贴,3,492,重庆,微信支付,2025-11-19
6800000676,运动户外,篮球,38,1439,银川,信用卡,2025-02-12
6800000484,运动户外,登山杖,25,1768,温州,数字人民币,2025-09-28
6800001148,母婴,婴儿车,29,249,青岛,银行卡,2025-03-16
6800001160,家居用品,置物架,12,318,海口,数字人民币,2025-04-09
6800000883,服装,牛仔裤,37,131,南京,云闪付,2025-02-06
6800000880,母婴,辅食机,12,243,东莞,微信支付,2025-09-10
6800000872,图书,心理学,43,36,天津,云闪付,2025-06-24
6800000651,汽车用品,轮胎充气泵,20,646,厦门,云闪付,2025-08-11
6800000511,母婴,玩具,13,641,哈尔滨,微信支付,2025-09-15
6800001102,家电,冰箱,23,1015,三亚,云闪付,2025-11-22
6800000642,电子产品,平板电脑,27,256,西安,数字人民币,2025-02-06
6800000884,珠宝首饰,胸针,42,3096,佛山,支付宝,2025-11-08
6800001184,母婴,玩具,6,236,嘉兴,数字人民币,2025-01-25
6800000952,电子产品,平板电脑,10,2983,成都,支付宝,2025-12-17
6800000354,母婴,睡袋,26,704,合肥,云闪付,2025-09-14
6800001233,家电,吸尘器,26,4853,温州,数字人民币,2025-01-07
6800001284,医疗器械,轮椅,7,416,合肥,信用卡,2025-06-30
6800000669,食品,海苔,26,53,沈阳,银行卡,2025-07-31
6800000999,办公用品,白板,46,133,银川,微信支付,2025-01-08
6800000501,图书,心理学,46,24,温州,数字人民币,2025-12-10
6800001289,家居用品,毛巾,19,337,西安,数字人民币,2025-04-28
6800000960,美妆,护手霜,49,296,武汉,支付宝,2025-02-07
6800001121,母婴,辅食机,22,778,福州,数字人民币,2025-01-29
6800000825,服装,衬衫,14,184,长沙,支付宝,2025-12-01
6800000502,宠物用品,牵引绳,39,213,昆明,微信支付,2025-12-10
6800000510,家居用品,沙发垫,33,369,银川,银行卡,2025-11-21
6800000851,汽车用品,机油,24,691,昆明,云闪付,2025-12-26
6800000451,运动户外,登山杖,7,1157,太原,支付宝,2025-05-01
6800000387,家电,微波炉,45,918,重庆,现金,2025-01-20
6800000992,服装,短裤,10,197,青岛,微信支付,2025-12-14
6800000613,电子产品,键盘,37,1048,太原,数字人民币,2025-07-02
6800000778,办公用品,订书机,40,40,温州,微信支付,2025-04-10
6800001225,办公用品,便签纸,49,16,绍兴,微信支付,2025-03-17
6800000538,电子产品,平板电脑,28,860,常州,数字人民币,2025-03-24
6800001057,办公用品,便签纸,22,42,大连,现金,2025-03-13
6800000667,运动户外,哑铃,43,278,台州,云闪付,2025-03-03
6800001096,服装,连衣裙,2,183,洛阳,支付宝,2025-11-01
6800000970,服装,运动鞋,6,307,潍坊,云闪付,2025-09-10
6800001019,运动户外,瑜伽垫,22,1054,太原,微信支付,2025-07-15
6800000520,汽车用品,行车记录仪,12,570,贵阳,微信支付,2025-10-29
6800001190,图书,科普读物,9,23,石家庄,数字人民币,2025-09-17
6800000796,珠宝首饰,耳环,15,1840,佛山,银行卡,2025-07-08
6800000625,宠物用品,宠物窝,40,141,潍坊,银行卡,2025-03-25
6800000959,美妆,粉底液,50,117,合肥,信用卡,2025-04-19
6800000518,食品,咖啡,21,48,珠海,银行卡,2025-06-14
6800000584,图书,传记,23,46,武汉,支付宝,2025-06-26
6800000675,电子产品,蓝牙耳机,13,1041,沈阳,云闪付,2025-02-10
6800001033,汽车用品,香水,34,805,常州,数字人民币,2025-08-17
6800000821,家电,洗衣机,24,3222,贵阳,微信支付,2025-04-27
6800001015,珠宝首饰,戒指,39,1749,无锡,云闪付,2025-07-08
6800000684,汽车用品,机油,3,841,柳州,云闪付,2025-01-27
6800000383,服装,连衣裙,1,247,金华,云闪付,2025-01-19
6800000586,美妆,面膜,23,253,襄阳,数字人民币,2025-08-27
6800000780,家居用品,保温杯,33,338,太原,银行卡,2025-05-04
6800000670,运动户外,足球,13,979,石家庄,信用卡,2025-02-27
6800000576,宠物用品,猫粮,14,187,南京,微信支付,2025-04-05
6800000678,服装,卫衣,21,110,深圳,支付宝,2025-03-01
6800000369,服装,衬衫,33,88,西安,数字人民币,2025-05-19
6800000768,珠宝首饰,发饰,19,4903,常州,数字人民币,2025-08-08
6800001209,办公用品,计算器,29,61,东莞,信用卡,2025-04-13
6800000535,珠宝首饰,耳环,38,2004,北京,现金,2025-06-23
6800000890,宠物用品,猫抓板,6,168,台州,数字人民币,2025-04-14
6800000928,图书,传记,9,53,郑州,信用卡,2025-12-19
6800000524,母婴,玩具,22,371,拉萨,微信支付,2025-04-06
6800001288,家电,吸尘器,13,2566,大连,微信支付,2025-05-22
6800001171,宠物用品,宠物窝,2,191,台州,微信支付,2025-05-08
6800000708,母婴,婴儿奶粉,26,769,苏州,银行卡,2025-07-10
6800000799,汽车用品,轮胎充气泵,34,189,中山,数字人民币,2025-10-04
6800000627,医疗器械,棉签,19,221,苏州,微信支付,2025-03-18
6800000408,食品,坚果,41,98,柳州,银行卡,2025-04-13
6800000907,宠物用品,宠物窝,24,290,合肥,支付宝,2025-07-22
6800000680,美妆,口红,3,280,常州,支付宝,2025-03-05
6800000600,宠物用品,宠物窝,35,37,柳州,微信支付,2025-01-09
6800000727,家居用品,收纳箱,22,271,哈尔滨,现金,2025-05-25
6800001146,汽车用品,玻璃水,1,369,天津,云闪付,2025-04-24
6800000650,食品,饼干,5,51,青岛,云闪付,2025-09-30
6800001123,电子产品,摄像头,29,4471,绍兴,支付宝,2025-01-14
6800001285,食品,咖啡,19,96,西宁,银行卡,2025-07-11
6800001109,珠宝首饰,吊坠,16,287,深圳,信用卡,2025-04-20
6800000375,母婴,安全座椅,50,247,乌鲁木齐,微信支付,2025-09-26
6800000491,运动户外,骑行头盔,32,2039,佛山,信用卡,2025-04-16
6800000556,珠宝首饰,手链,24,263,海口,现金,2025-05-10
6800000563,汽车用品,脚垫,26,452,西安,数字人民币,2025-06-25
6800000401,家电,电风扇,24,1881,株洲,微信支付,2025-10-28
6800001213,办公用品,订书机,31,77,青岛,云闪付,2025-07-01
6800000953,家居用品,毛巾,50,153,福州,微信支付,2025-04-02
6800000725,服装,卫衣,15,406,天津,支付宝,2025-01-24
6800001031,服装,外套,46,260,常州,支付宝,2025-05-30
6800001046,服装,外套,38,197,大连,云闪付,2025-07-29
6800000671,珠宝首饰,胸针,39,2629,福州,数字人民币,2025-07-18
6800001050,医疗器械,雾化器,36,190,长春,银行卡,2025-01-29
6800000540,母婴,纸尿裤,41,992,天津,银行卡,2025-12-20
6800001202,服装,短裤,14,335,杭州,云闪付,2025-10-25
6800001132,汽车用品,行车记录仪,26,643,南京,数字人民币,2025-03-18
6800000963,图书,数据结构,31,100,重庆,云闪付,2025-09-05
6800000982,办公用品,签字笔,26,123,徐州,数字人民币,2025-09-03
6800000393,服装,T恤,3,262,郑州,微信支付,2025-09-07
6800000533,家电,空调,6,1940,绍兴,现金,2025-04-08
6800000645,母婴,婴儿车,46,743,西安,银行卡,2025-12-30
6800001221,珠宝首饰,吊坠,35,623,岳阳,信用卡,2025-12-24
6800000543,珠宝首饰,胸针,23,1737,银川,现金,2025-02-25
6800000646,服装,T恤,40,169,三亚,数字人民币,2025-12-12
6800000781,宠物用品,猫砂,38,197,襄阳,现金,2025-07-21
6800000594,家电,洗衣机,30,3838,台州,数字人民币,2025-12-28
6800001280,图书,小说,12,45,拉萨,信用卡,2025-02-28
6800000862,服装,牛仔裤,15,345,徐州,现金,2025-12-06
6800000815,电子产品,智能音箱,46,3283,郑州,支付宝,2025-01-23
6800000767,母婴,安全座椅,27,143,沈阳,数字人民币,2025-12-21
6800000621,服装,外套,23,261,长春,数字人民币,2025-01-28
6800000637,美妆,面膜,7,275,襄阳,数字人民币,2025-02-09
6800000765,汽车用品,车载支架,44,261,岳阳,数字人民币,2025-08-09
6800000871,宠物用品,玩具球,15,119,深圳,支付宝,2025-01-28
6800000351,宠物用品,猫粮,38,26,洛阳,微信支付,2025-02-02
6800001246,汽车用品,充电器,49,151,桂林,微信支付,2025-05-03
6800000450,家居用品,晾衣架,43,341,武汉,微信支付,2025-09-08
6800000317,图书,传记,24,110,襄阳,云闪付,2025-06-16
6800000914,图书,儿童绘本,14,98,太原,云闪付,2025-05-13
6800001255,母婴,奶瓶,20,569,宁波,支付宝,2025-08-17
6800000363,家居用品,毛巾,6,276,拉萨,支付宝,2025-05-27
6800000373,美妆,香水,44,31,西安,信用卡,2025-02-18
6800000567,运动户外,泳镜,50,2732,昆明,支付宝,2025-11-11
6800001011,家居用品,置物架,38,407,襄阳,现金,2025-09-05
6800000641,食品,茶叶,24,52,绍兴,支付宝,2025-06-27
6800001279,电子产品,蓝牙耳机,29,1838,岳阳,信用卡,2025-03-16
6800000657,食品,面包,46,77,三亚,云闪付,2025-05-02
6800000428,服装,羽绒服,29,436,太原,数字人民币,2025-03-31
6800000929,家电,电饭煲,48,2240,深圳,银行卡,2025-02-04
6800000985,食品,海苔,20,56,大连,数字人民币,2025-03-13
6800000699,办公用品,计算器,15,131,襄阳,微信支付,2025-11-22
6800000925,运动户外,登山杖,19,2796,武汉,支付宝,2025-09-07
6800000742,办公用品,笔记本,30,173,台州,银行卡,2025-03-08
6800001270,电子产品,显示器,9,4671,沈阳,微信支付,2025-01-14
6800000840,食品,蜂蜜,27,6,株洲,支付宝,2025-04-29
6800000710,母婴,纸尿裤,27,747,宁波,现金,2025-01-12
6800001104,服装,帽子,13,307,嘉兴,支付宝,2025-09-02
6800000527,图书,科普读物,24,30,成都,现金,2025-03-10
6800001075,办公用品,打印纸,38,89,成都,信用卡,2025-06-10
6800001070,母婴,婴儿车,10,271,中山,支付宝,2025-02-07
6800001206,宠物用品,食盆,11,231,杭州,银行卡,2025-01-08
6800001010,美妆,口红,43,44,泉州,云闪付,2025-10-01
6800001274,母婴,安全座椅,43,894,珠海,数字人民币,2025-08-01
6800001161,图书,经济学,27,51,太原,微信支付,2025-07-11
6800000809,运动户外,登山杖,38,2090,三亚,微信支付,2025-03-17
6800000921,母婴,玩具,48,59,三亚,信用卡,2025-01-15
6800001251,家电,加湿器,11,1489,珠海,云闪付,2025-05-24
6800000494,家电,热水器,1,3689,广州,支付宝,2025-05-05
6800001001,母婴,纸尿裤,43,890,泉州,支付宝,2025-09-07
6800000857,办公用品,白板,34,109,武汉,数字人民币,2025-08-10
6800000476,母婴,辅食机,23,658,重庆,银行卡,2025-05-05
6800001183,医疗器械,纱布,38,176,常州,支付宝,2025-11-06
6800000934,电子产品,智能音箱,38,2159,烟台,数字人民币,2025-10-19
6800000503,食品,饼干,5,91,佛山,微信支付,2025-05-25
6800000500,电子产品,显示器,5,178,珠海,微信支付,2025-09-25
6800000930,办公用品,计算器,26,90,银川,微信支付,2025-09-19
6800000807,电子产品,智能音箱,33,1323,上海,银行卡,2025-04-16
6800000614,家电,空调,8,3947,温州,现金,2025-01-26
6800001219,图书,传记,23,39,岳阳,信用卡,2025-12-09
6800001173,服装,衬衫,13,157,贵阳,支付宝,2025-07-08
6800000554,宠物用品,猫粮,32,10,石家庄,支付宝,2025-07-12
6800000552,食品,蜂蜜,15,62,长沙,数字人民币,2025-04-02
6800000553,美妆,香水,23,224,南宁,现金,2025-12-13
6800000525,食品,饼干,40,24,绍兴,支付宝,2025-01-20
6800001124,珠宝首饰,手链,26,2642,乌鲁木齐,微信支付,2025-12-10
6800001090,运动户外,篮球,9,786,贵阳,微信支付,2025-11-20
6800000431,母婴,玩具,41,64,桂林,现金,2025-04-08
6800000367,电子产品,路由器,4,4582,济南,银行卡,2025-07-15
6800000989,食品,牛肉干,23,73,株洲,银行卡,2025-06-28
6800001199,食品,咖啡,33,30,襄阳,云闪付,2025-05-01
6800001231,服装,卫衣,44,210,桂林,现金,2025-06-19
6800000589,家电,吸尘器,30,4892,洛阳,现金,2025-08-22
6800000724,办公用品,文件夹,39,94,西安,信用卡,2025-09-30
6800001253,宠物用品,牵引绳,34,292,温州,银行卡,2025-02-08
6800000561,宠物用品,驱虫药,43,17,徐州,银行卡,2025-09-08
6800000706,家居用品,沙发垫,20,104,南京,数字人民币,2025-11-13
6800000425,宠物用品,玩具球,28,194,天津,数字人民币,2025-06-11
6800000597,办公用品,马克笔,34,178,株洲,支付宝,2025-07-14
6800000940,家居用品,台灯,40,497,温州,云闪付,2025-08-02
6800000331,美妆,洗面奶,36,222,拉萨,银行卡,2025-11-27
6800001166,图书,传记,23,42,苏州,银行卡,2025-05-15
6800001088,母婴,辅食机,43,55,济南,银行卡,2025-10-11
6800000971,服装,羽绒服,37,255,郑州,信用卡,2025-06-19
6800000429,珠宝首饰,袖扣,24,4018,中山,微信支付,2025-10-20
6800000867,宠物用品,牵引绳,40,44,东莞,云闪付,2025-02-01
6800000693,珠宝首饰,袖扣,43,1636,厦门,数字人民币,2025-09-19
6800000733,办公用品,白板,46,95,中山,信用卡,2025-08-11
6800000342,家电,洗衣机,6,4685,南京,数字人民币,2025-01-02
6800001081,办公用品,打印纸,10,149,西安,云闪付,2025-11-06
6800000557,服装,短裤,46,127,厦门,微信支付,2025-12-02
6800000550,母婴,背带,43,612,襄阳,支付宝,2025-02-07
6800001185,电子产品,键盘,18,2122,常州,银行卡,2025-10-17
6800000381,美妆,洗面奶,43,141,无锡,信用卡,2025-09-18
6800000730,家电,空调,16,3124,昆明,支付宝,2025-12-05
6800000620,食品,蜂蜜,50,88,洛阳,银行卡,2025-02-24
6800001073,电子产品,显示器,32,4249,中山,数字人民币,2025-05-30
6800001247,宠物用品,宠物零食,12,54,南宁,支付宝,2025-10-06
6800001220,办公用品,白板,35,44,金华,微信支付,2025-01-07
6800001191,母婴,背带,5,44,哈尔滨,微信支付,2025-12-02
6800000622,食品,巧克力,33,80,东莞,银行卡,2025-01-11
6800000735,美妆,眼霜,42,286,沈阳,云闪付,2025-09-15
6800000785,电子产品,平板电脑,15,796,青岛,数字人民币,2025-08-23
6800000612,医疗器械,雾化器,46,71,金华,信用卡,2025-05-31
6800001035,母婴,奶瓶,24,219,岳阳,数字人民币,2025-04-28
6800000711,家电,电饭煲,20,1247,株洲,数字人民币,2025-07-23
6800000419,美妆,眼霜,27,154,佛山,微信支付,2025-02-23
6800000347,家电,电饭煲,19,3910,宁波,信用卡,2025-06-29
6800001143,家居用品,晾衣架,7,402,南京,银行卡,2025-04-11
6800000537,宠物用品,猫粮,17,173,郑州,支付宝,2025-04-15
6800000673,办公用品,档案盒,29,71,佛山,数字人民币,2025-09-01
6800001292,汽车用品,轮胎充气泵,37,576,昆明,微信支付,2025-06-14
6800000838,食品,牛奶,33,86,三亚,支付宝,2025-10-27
6800000412,医疗器械,棉签,14,257,柳州,微信支付,2025-03-19
6800000823,办公用品,订书机,7,83,上海,信用卡,2025-03-11
6800001086,服装,T恤,31,380,珠海,银行卡,2025-12-20
6800000391,家居用品,垃圾桶,23,395,广州,信用卡,2025-09-22
6800000726,电子产品,键盘,14,2115,杭州,云闪付,2025-02-20
6800000820,图书,经济学,49,57,潍坊,信用卡,2025-03-06
6800000908,食品,咖啡,23,46,金华,现金,2025-10-09
6800001249,珠宝首饰,戒指,37,3903,大连,支付宝,2025-05-12
6800001181,家居用品,晾衣架,20,57,济南,银行卡,2025-12-06
6800000472,运动户外,登山杖,17,529,合肥,微信支付,2025-07-06
6800000811,宠物用品,猫砂,21,111,海口,银行卡,2025-07-30
6800000916,图书,小说,20,142,温州,云闪付,2025-04-25
6800000611,宠物用品,猫抓板,49,241,南京,支付宝,2025-01-23
6800001227,运动户外,足球,19,1054,台州,信用卡,2025-06-19
6800001277,汽车用品,脚垫,25,992,温州,微信支付,2025-02-10
6800000714,母婴,辅食机,39,375,岳阳,信用卡,2025-02-20
6800000306,服装,外套,43,159,南京,微信支付,2025-08-08
6800001071,食品,海苔,3,70,佛山,银行卡,2025-11-15
6800001276,汽车用品,脚垫,44,286,呼和浩特,信用卡,2025-08-11
6800001021,宠物用品,驱虫药,28,33,成都,银行卡,2025-03-11
6800000595,家电,电风扇,50,4127,合肥,支付宝,2025-11-06
6800000720,宠物用品,猫砂,30,78,温州,云闪付,2025-12-02
6800000976,宠物用品,食盆,37,215,深圳,银行卡,2025-03-28
6800000473,珠宝首饰,耳环,28,616,北京,数字人民币,2025-05-16
6800000468,服装,帽子,25,478,石家庄,云闪付,2025-08-23
6800000697,电子产品,鼠标,31,161,西宁,银行卡,2025-02-13
6800001049,电子产品,平板电脑,40,895,桂林,支付宝,2025-01-06
6800000689,办公用品,计算器,12,74,潍坊,支付宝,2025-03-15
6800000924,宠物用品,玩具球,14,172,银川,信用卡,2025-10-07
6800001278,办公用品,档案盒,23,131,宁波,数字人民币,2025-03-10
6800000977,图书,经济学,44,106,贵阳,微信支付,2025-01-29
6800000578,汽车用品,遮阳挡,26,800,西安,信用卡,2025-12-06
6800000608,家居用品,保温杯,48,145,珠海,数字人民币,2025-01-13
6800001186,家电,微波炉,30,1326,银川,数字人民币,2025-08-22
6800000399,图书,历史书,21,21,岳阳,数字人民币,2025-03-31
6800000713,办公用品,马克笔,32,70,珠海,信用卡,2025-10-27
6800000477,家居用品,沙发垫,6,78,东莞,支付宝,2025-05-09
6800000975,运动户外,登山杖,34,996,柳州,微信支付,2025-03-21
6800000817,医疗器械,拐杖,14,93,绍兴,微信支付,2025-03-24
6800000307,运动户外,哑铃,26,2023,广州,银行卡,2025-10-19
6800000349,家居用品,枕头,5,479,柳州,信用卡,2025-05-11
6800001014,医疗器械,消毒液,23,450,西宁,信用卡,2025-08-10
6800000981,母婴,婴儿车,20,199,宜昌,微信支付,2025-10-04
6800000448,办公用品,文件夹,25,91,烟台,微信支付,2025-09-05
6800001177,服装,连衣裙,50,468,厦门,微信支付,2025-11-17
6800000996,办公用品,计算器,44,191,温州,信用卡,2025-11-08
6800000818,母婴,婴儿湿巾,11,891,长沙,银行卡,2025-07-20
6800000329,母婴,纸尿裤,30,841,武汉,数字人民币,2025-07-30
6800001174,珠宝首饰,戒指,38,3599,乌鲁木齐,信用卡,2025-12-03
6800001258,家电,空调,6,4825,昆明,云闪付,2025-04-24
6800000505,家电,电风扇,3,4299,株洲,信用卡,2025-04-27
6800000547,汽车用品,轮胎充气泵,35,775,上海,云闪付,2025-02-26
6800000315,宠物用品,猫砂,23,220,台州,云闪付,2025-05-28
6800000806,食品,巧克力,45,21,潍坊,支付宝,2025-05-31
6800001210,家电,空调,16,4885,济南,云闪付,2025-09-28
6800000709,美妆,口红,49,207,石家庄,数字人民币,2025-01-22
6800001069,服装,运动鞋,8,270,成都,微信支付,2025-07-05
6800000388,医疗器械,棉签,25,249,乌鲁木齐,数字人民币,2025-10-11
6800000376,家居用品,枕头,25,184,大连,现金,2025-04-23
6800000427,珠宝首饰,手镯,19,4150,石家庄,银行卡,2025-02-22
6800000377,家电,微波炉,9,1704,福州,现金,2025-09-20
6800000559,食品,牛肉干,36,18,北京,数字人民币,2025-05-11
6800000310,宠物用品,狗粮,34,191,银川,信用卡,2025-10-01
6800001283,珠宝首饰,手镯,27,1799,福州,支付宝,2025-06-30
6800000703,美妆,卸妆水,16,72,南宁,银行卡,2025-11-01
6800000601,家居用品,垃圾桶,32,110,长春,信用卡,2025-09-16
6800000822,美妆,粉底液,17,251,徐州,现金,2025-06-12
6800001170,运动户外,帐篷,30,218,泉州,现金,2025-02-27
6800000701,服装,牛仔裤,43,249,嘉兴,微信支付,2025-07-14
6800000859,医疗器械,雾化器,12,492,海口,信用卡,2025-05-12
6800000954,医疗器械,拐杖,5,262,柳州,支付宝,2025-12-08
6800000947,食品,茶叶,48,35,柳州,数字人民币,2025-07-09
6800000392,母婴,婴儿湿巾,14,625,拉萨,信用卡,2025-05-19
6800001239,美妆,口红,35,221,台州,支付宝,2025-11-27
6800000997,汽车用品,机油,46,646,泉州,支付宝,2025-12-26
6800000415,电子产品,路由器,39,4970,石家庄,银行卡,2025-07-26
6800001194,珠宝首饰,手链,17,1796,呼和浩特,云闪付,2025-03-18
6800000416,运动户外,瑜伽垫,7,2265,合肥,云闪付,2025-10-12
6800000723,服装,连衣裙,10,250,福州,数字人民币,2025-03-07
6800000515,家居用品,毛巾,13,358,哈尔滨,微信支付,2025-11-15
6800000744,家居用品,置物架,34,75,洛阳,数字人民币,2025-11-02
6800000534,服装,衬衫,43,479,重庆,支付宝,2025-02-28
6800000355,母婴,奶瓶,9,995,烟台,信用卡,2025-01-17
6800001128,电子产品,鼠标,27,4391,西宁,数字人民币,2025-12-11
6800000937,食品,坚果,49,62,嘉兴,云闪付,2025-11-30
6800000513,珠宝首饰,手链,44,580,徐州,支付宝,2025-04-08
6800000895,电子产品,显示器,45,899,三亚,银行卡,2025-09-22
6800001093,医疗器械,血压计,33,370,长沙,银行卡,2025-11-25
6800000786,母婴,睡袋,12,239,桂林,信用卡,2025-05-10
6800001242,医疗器械,血压计,33,305,佛山,数字人民币,2025-07-07
6800000968,服装,卫衣,37,315,中山,支付宝,2025-01-19
6800000541,家居用品,台灯,5,149,厦门,云闪付,2025-01-23
6800001058,母婴,婴儿车,18,168,桂林,微信支付,2025-12-13
6800000603,食品,牛奶,47,13,金华,银行卡,2025-02-03
6800000932,运动户外,登山杖,35,448,北京,数字人民币,2025-05-21
6800000885,服装,卫衣,48,390,温州,数字人民币,2025-06-28
6800000604,汽车用品,车载支架,8,338,大连,云闪付,2025-01-08
6800000848,家电,空调,12,2946,宁波,银行卡,2025-08-11
6800000819,珠宝首饰,耳环,12,3106,广州,微信支付,2025-08-04
6800001005,汽车用品,遮阳挡,19,881,徐州,银行卡,2025-10-30
6800000647,食品,茶叶,2,92,乌鲁木齐,微信支付,2025-12-21
6800000740,母婴,婴儿奶粉,36,87,杭州,银行卡,2025-12-12
6800000835,家电,洗衣机,15,2993,重庆,支付宝,2025-05-26
6800001152,家居用品,收纳箱,48,498,郑州,数字人民币,2025-09-25
6800001295,办公用品,便签纸,37,49,泉州,现金,2025-05-21
6800000893,图书,小说,50,77,武汉,支付宝,2025-06-11
6800000570,美妆,眼霜,39,221,无锡,数字人民币,2025-01-10
6800000643,珠宝首饰,吊坠,47,2943,洛阳,数字人民币,2025-03-22
6800000548,汽车用品,行车记录仪,1,733,珠海,银行卡,2025-02-25
6800000965,美妆,粉底液,39,179,烟台,现金,2025-05-30
6800001256,电子产品,充电宝,16,2904,株洲,信用卡,2025-07-14
