订单号,产品类别,产品名称,销售数量,单价,销售金额
6800000001,家居用品,枕头,10,199,1990
6800000002,食品,海苔,5,39,195
6800000010,电子产品,智能音箱,5,399,1995
6800000004,服装,T恤,3,-86,-258
6800000005,美妆,洗面奶,2,39,78
6800000006,图书,Python编程书,8,88,704
6800000007,运动户外,瑜伽垫,12,129,1548
6800000008,家居用品,保温杯,20,89,1780
6800000009,食品,面包,15,15,225
6800000010,电子产品,蓝牙耳机,4,299,1196
6800000011,服装,牛仔裤,6,159,954
6800000012,美妆,面膜,10,45,450
6800000013,图书,数据结构,5,69,345
6800000014,运动户外,哑铃,2,199,398
6800000015,家居用品,四件套,1,499,499
6800000016,食品,巧克力,25,45,1125
6800000017,电子产品,充电宝,8,129,1032
6800000018,服装,连衣裙,3,259,777
6800000019,美妆,口红,5,189,945
6800000020,图书,小说,12,55,660
6800000021,运动户外,跑步机,1,2999,2999
6800000022,家居用品,毛巾,30,25,750
6800000023,食品,牛肉干,10,69,690
6800000024,电子产品,平板电脑,2,2999,5998
6800000025,服装,外套,4,399,1596
6800000026,美妆,防晒霜,8,159,1272
6800000027,图书,算法导论,2,99,198
6800000028,运动户外,帐篷,1,899,899
6800000029,家居用品,收纳箱,15,79,1185
6800000030,食品,坚果,20,88,1760
6800000031,电子产品,手机,1,4999,4999
6800000032,服装,运动鞋,3,329,987
6800000033,美妆,洗面奶,6,59,354
6800000034,图书,历史书,9,78,702
6800000035,运动户外,瑜伽垫,5,129,645
6800000036,家居用品,台灯,7,119,833
6800000037,食品,牛奶,40,6,240
6800000038,电子产品,键盘,4,199,796
6800000039,服装,T恤,12,99,1188
6800000040,美妆,面膜,15,45,675
6800000041,图书,Python编程书,3,88,264
6800000042,运动户外,哑铃,2,199,398
6800000043,家居用品,枕头,8,199,1592
6800000044,食品,饼干,25,12,300
6800000045,电子产品,蓝牙耳机,6,299,1794
6800000046,服装,牛仔裤,5,159,795
6800000047,美妆,口红,4,189,756
6800000048,图书,小说,15,55,825
6800000049,运动户外,帐篷,1,899,899
6800000050,家居用品,保温杯,10,89,890
6800000051,食品,海苔,8,29,232
6800000052,电子产品,智能音箱,3,399,1197
6800000053,服装,连衣裙,2,259,518
6800000054,美妆,防晒霜,6,159,954
6800000055,图书,数据结构,5,69,345
6800000056,运动户外,跑步机,1,2999,2999
6800000057,家居用品,四件套,2,499,998
6800000058,食品,巧克力,18,45,810
6800000059,电子产品,充电宝,7,129,903
6800000060,服装,外套,3,399,1197
6800000061,美妆,洗面奶,9,59,531
6800000062,图书,算法导论,3,99,297
6800000063,运动户外,瑜伽垫,8,129,1032
6800000064,家居用品,毛巾,35,25,875
6800000065,食品,牛肉干,12,69,828
6800000066,电子产品,平板电脑,1,2999,2999
6800000067,服装,运动鞋,4,329,1316
6800000068,美妆,面膜,20,45,900
6800000069,图书,历史书,6,78,468
6800000070,运动户外,哑铃,3,199,597
6800000071,家居用品,收纳箱,12,79,948
6800000072,食品,牛奶,50,6,300
6800000073,电子产品,键盘,5,199,995
6800000074,服装,T恤,15,99,1485
6800000075,美妆,口红,6,189,1134
6800000076,图书,Python编程书,4,88,352
6800000077,运动户外,帐篷,2,899,1798
6800000078,家居用品,台灯,9,119,1071
6800000079,食品,面包,30,15,450
6800000080,电子产品,蓝牙耳机,5,299,1495
6800000081,服装,牛仔裤,7,159,1113
6800000082,美妆,防晒霜,4,159,636
6800000083,图书,小说,20,55,1100
6800000084,运动户外,跑步机,2,2999,5998
6800000085,家居用品,枕头,6,199,1194
6800000086,食品,坚果,25,88,2200
6800000087,电子产品,智能音箱,4,399,1596
6800000088,服装,连衣裙,3,259,777
6800000089,美妆,洗面奶,12,59,708
6800000090,图书,数据结构,6,69,414
6800000091,运动户外,瑜伽垫,10,129,1290
6800000092,家居用品,保温杯,15,89,1335
6800000093,食品,海苔,10,29,290
6800000094,电子产品,充电宝,9,129,1161
6800000095,服装,外套,2,399,798
6800000096,美妆,面膜,18,45,810
6800000097,图书,算法导论,4,99,396
6800000098,运动户外,哑铃,4,199,796
6800000099,家居用品,四件套,3,499,1497
6800000100,食品,巧克力,22,45,990
6800000101,电子产品,平板电脑,2,2999,5998
6800000102,服装,运动鞋,5,329,1645
6800000103,美妆,口红,7,189,1323
6800000104,图书,历史书,8,78,624
6800000105,运动户外,帐篷,3,899,2697
6800000106,家居用品,毛巾,40,25,1000
6800000107,食品,牛肉干,15,69,1035
6800000108,电子产品,手机,1,4999,4999
6800000109,服装,T恤,18,99,1782
6800000110,美妆,防晒霜,5,159,795
6800000111,图书,Python编程书,6,88,528
6800000112,运动户外,跑步机,1,2999,2999
6800000113,家居用品,收纳箱,10,79,790
6800000114,食品,牛奶,45,6,270
6800000115,电子产品,键盘,6,199,1194
6800000116,服装,牛仔裤,8,159,1272
6800000117,美妆,洗面奶,14,59,826
6800000118,图书,小说,10,55,550
6800000119,运动户外,瑜伽垫,6,129,774
6800000120,家居用品,台灯,5,119,595
6800000121,食品,饼干,30,12,360
6800000122,电子产品,蓝牙耳机,3,299,897
6800000123,服装,连衣裙,4,259,1036
6800000124,美妆,面膜,25,45,1125
6800000125,图书,数据结构,7,69,483
6800000126,运动户外,哑铃,5,199,995
6800000127,家居用品,枕头,9,199,1791
6800000128,食品,面包,20,15,300
6800000129,电子产品,智能音箱,6,399,2394
6800000130,服装,外套,3,399,1197
6800000131,美妆,防晒霜,8,159,1272
6800000132,图书,算法导论,5,99,495
6800000133,运动户外,帐篷,2,899,1798
6800000134,家居用品,保温杯,12,89,1068
6800000135,食品,坚果,18,88,1584
6800000136,电子产品,充电宝,10,129,1290
6800000137,服装,运动鞋,6,329,1974
6800000138,美妆,口红,9,189,1701
6800000139,图书,历史书,12,78,936
6800000140,运动户外,跑步机,2,2999,5998
6800000141,家居用品,四件套,4,499,1996
6800000142,食品,巧克力,15,45,675
6800000143,电子产品,平板电脑,1,2999,2999
6800000144,服装,牛仔裤,9,159,1431
6800000145,美妆,洗面奶,16,59,944
6800000146,图书,小说,8,55,440
6800000147,运动户外,瑜伽垫,12,129,1548
6800000148,家居用品,毛巾,25,25,625
6800000149,食品,海苔,12,29,348
6800000150,电子产品,键盘,7,199,1393
6800000151,服装,T恤,20,99,1980
6800000152,美妆,面膜,30,45,1350
6800000153,图书,Python编程书,5,88,440
6800000154,运动户外,哑铃,6,199,1194
6800000155,家居用品,收纳箱,8,79,632
6800000156,食品,牛奶,35,6,210
6800000157,电子产品,手机,1,4999,4999
6800000158,服装,连衣裙,2,259,518
6800000159,美妆,防晒霜,7,159,1113
6800000160,图书,数据结构,9,69,621
6800000161,运动户外,帐篷,1,899,899
6800000162,家居用品,台灯,6,119,714
6800000163,食品,面包,25,15,375
6800000164,电子产品,蓝牙耳机,4,299,1196
6800000165,服装,外套,5,399,1995
6800000166,美妆,口红,8,189,1512
6800000167,图书,算法导论,6,99,594
6800000168,运动户外,跑步机,1,2999,2999
6800000169,家居用品,枕头,7,199,1393
6800000170,食品,牛肉干,10,69,690
6800000171,电子产品,智能音箱,5,399,1995
6800000172,服装,运动鞋,7,329,2303
6800000173,美妆,洗面奶,20,59,1180
6800000174,图书,历史书,5,78,390
6800000175,运动户外,瑜伽垫,15,129,1935
6800000176,家居用品,保温杯,18,89,1602
6800000177,食品,饼干,40,12,480
6800000178,电子产品,充电宝,6,129,774
6800000179,服装,牛仔裤,4,159,636
6800000180,美妆,面膜,22,45,990
6800000181,图书,小说,15,55,825
6800000182,运动户外,哑铃,3,199,597
6800000183,家居用品,四件套,2,499,998
6800000184,食品,巧克力,20,45,900
6800000185,电子产品,平板电脑,1,2999,2999
6800000186,服装,T恤,25,99,2475
6800000187,美妆,口红,10,189,1890
6800000188,图书,Python编程书,7,88,616
6800000189,运动户外,帐篷,2,899,1798
6800000190,家居用品,毛巾,50,25,1250
6800000191,食品,海苔,15,29,435
6800000192,电子产品,键盘,8,199,1592
6800000193,服装,连衣裙,6,259,1554
6800000194,美妆,防晒霜,9,159,1431
6800000195,图书,数据结构,4,69,276
6800000196,运动户外,跑步机,1,2999,2999
6800000197,家居用品,收纳箱,15,79,1185
6800000198,食品,牛奶,30,6,180
6800000199,电子产品,手机,2,4999,9998
6800000200,服装,外套,4,399,1596
6800000201,美妆,洗面奶,10,59,590
6800000202,图书,算法导论,8,99,792
6800000203,运动户外,瑜伽垫,20,129,2580
6800000204,家居用品,台灯,9,119,1071
6800000205,食品,坚果,25,88,2200
6800000206,电子产品,蓝牙耳机,5,299,1495
6800000207,服装,运动鞋,3,329,987
6800000208,美妆,面膜,28,45,1260
6800000209,图书,历史书,10,78,780
6800000210,运动户外,哑铃,5,199,995
6800000211,家居用品,枕头,8,199,1592
6800000212,食品,面包,35,15,525
6800000213,电子产品,智能音箱,4,399,1596
6800000214,服装,牛仔裤,7,159,1113
6800000215,美妆,口红,12,189,2268
6800000216,图书,小说,18,55,990
6800000217,运动户外,帐篷,3,899,2697
6800000218,家居用品,保温杯,22,89,1958
6800000219,食品,牛肉干,14,69,966
6800000220,电子产品,充电宝,11,129,1419
6800000221,服装,T恤,30,99,2970
6800000222,美妆,洗面奶,15,59,885
6800000223,图书,Python编程书,9,88,792
6800000224,运动户外,跑步机,2,2999,5998
6800000225,家居用品,四件套,5,499,2495
6800000226,食品,巧克力,30,45,1350
6800000227,电子产品,平板电脑,3,2999,8997
6800000228,服装,连衣裙,5,259,1295
6800000229,美妆,防晒霜,10,159,1590
6800000230,图书,数据结构,11,69,759
6800000231,运动户外,瑜伽垫,18,129,2322
6800000232,家居用品,毛巾,45,25,1125
6800000233,食品,海苔,20,29,580
6800000234,电子产品,键盘,9,199,1791
6800000235,服装,外套,6,399,2394
6800000236,美妆,面膜,35,45,1575
6800000237,图书,算法导论,7,99,693
6800000238,运动户外,哑铃,8,199,1592
6800000239,家居用品,收纳箱,20,79,1580
6800000240,食品,牛奶,40,6,240
6800000241,电子产品,手机,2,4999,9998
6800000242,服装,运动鞋,5,329,1645
6800000243,美妆,口红,15,189,2835
6800000244,图书,历史书,14,78,1092
6800000245,运动户外,帐篷,4,899,3596
6800000246,家居用品,台灯,12,119,1428
6800000247,食品,饼干,50,12,600
6800000248,电子产品,蓝牙耳机,7,299,2093
6800000249,服装,牛仔裤,10,159,1590
6800000250,美妆,洗面奶,25,59,1475
6800000251,图书,小说,22,55,1210
6800000252,运动户外,跑步机,1,2999,2999
6800000253,家居用品,枕头,15,199,2985
6800000254,食品,坚果,30,88,2640
6800000255,电子产品,智能音箱,8,399,3192
6800000256,服装,T恤,35,99,3465
6800000257,美妆,面膜,40,45,1800
6800000258,图书,Python编程书,12,88,1056
6800000259,运动户外,瑜伽垫,25,129,3225
6800000260,家居用品,保温杯,30,89,2670
6800000261,食品,面包,45,15,675
6800000262,电子产品,充电宝,15,129,1935
6800000263,服装,连衣裙,8,259,2072
6800000264,美妆,防晒霜,12,159,1908
6800000265,图书,数据结构,14,69,966
6800000266,运动户外,哑铃,10,199,1990
6800000267,家居用品,四件套,6,499,2994
6800000268,食品,巧克力,35,45,1575
6800000269,电子产品,平板电脑,4,2999,11996
6800000270,服装,外套,9,399,3591
6800000271,美妆,口红,20,189,3780
6800000272,图书,算法导论,10,99,990
6800000273,运动户外,帐篷,5,899,4495
6800000274,家居用品,毛巾,60,25,1500
6800000275,食品,海苔,25,29,725
6800000276,电子产品,键盘,12,199,2388
6800000277,服装,运动鞋,8,329,2632
6800000278,美妆,洗面奶,30,59,1770
6800000279,图书,历史书,20,78,1560
6800000280,运动户外,跑步机,3,2999,8997
6800000281,家居用品,收纳箱,25,79,1975
6800000282,食品,牛奶,55,6,330
6800000283,电子产品,手机,3,4999,14997
6800000284,服装,牛仔裤,12,159,1908
6800000285,美妆,面膜,45,45,2025
6800000286,图书,小说,30,55,1650
6800000287,运动户外,瑜伽垫,30,129,3870
6800000288,家居用品,台灯,15,119,1785
6800000289,食品,牛肉干,20,69,1380
6800000290,电子产品,蓝牙耳机,10,299,2990
6800000291,服装,T恤,40,99,3960
6800000292,美妆,防晒霜,18,159,2862
6800000293,图书,Python编程书,15,88,1320
6800000294,运动户外,哑铃,12,199,2388
6800000295,家居用品,枕头,25,199,4975
6800000296,食品,坚果,35,88,3080
6800000297,电子产品,智能音箱,15,399,5985
6800000298,服装,连衣裙,10,259,2590
6800000299,美妆,口红,25,189,4725
6800000300,图书,算法导论,20,99,1980
