订单号,产品类别,产品名称,销售数量,单价,客户所在城市,支付方式,订单日期
6800000001,家居用品,枕头,10,199,合肥,支付宝,2025-06-01
6800000002,食品,海苔,5,39,天津,现金,2025-06-02
6800000010,电子产品,智能音箱,5,399,福州,微信支付,2025-06-03
6800000004,服装,T恤,3,-86,北京,银行卡,2025-06-04
6800000005,美妆,洗面奶,2,39,上海,信用卡,2025-06-05
6800000006,图书,Python编程书,8,88,"",微信支付,2025-06-06
6800000007,运动户外,瑜伽垫,12,129,深圳,支付宝,2025-06-07
6800000008,家居用品,保温杯,20,89,杭州,现金,2025/06/08
6800000009,食品,面包,15,15,成都,支付宝,2025-06-09
6800000010,电子产品,蓝牙耳机,4,299,武汉,微信支付,2025-06-10
6800000011,服装,牛仔裤,6,159,南京,银行卡,2025-06-11
6800000012,美妆,面膜,10,45,西安,支付宝,2025-06-12
6800000013,图书,数据结构,5,69,重庆,信用卡,2025-06-13
6800000014,运动户外,哑铃,2,199,长沙,微信支付,2025-06-14
6800000015,家居用品,四件套,1,499,苏州,银行卡,2025-06-15
6800000016,食品,巧克力,25,45,合肥,支付宝,2025-06-16
6800000017,电子产品,充电宝,8,129,天津,微信支付,2025-06-17
6800000018,服装,连衣裙,3,259,福州,现金,2025-06-18
6800000019,美妆,口红,5,189,北京,信用卡,2025-06-19
6800000020,图书,小说,12,55,上海,支付宝,2025-06-20
6800000021,运动户外,跑步机,1,2999,广州,银行卡,2025-06-21
6800000022,家居用品,毛巾,30,25,深圳,现金,2025-06-22
6800000023,食品,牛肉干,10,69,杭州,微信支付,2025-06-23
6800000024,电子产品,平板电脑,2,2999,成都,信用卡,2025-06-24
6800000025,服装,外套,4,399,武汉,支付宝,2025-06-25
6800000026,美妆,防晒霜,8,159,南京,现金,2025-06-26
6800000027,图书,算法导论,2,99,西安,微信支付,2025-06-27
6800000028,运动户外,帐篷,1,899,重庆,银行卡,2025-06-28
6800000029,家居用品,收纳箱,15,79,长沙,支付宝,2025-06-29
6800000030,食品,坚果,20,88,苏州,微信支付,2025-06-30
6800000031,电子产品,手机,1,4999,合肥,信用卡,2025-06-01
6800000032,服装,运动鞋,3,329,天津,支付宝,2025-06-02
6800000033,美妆,洗面奶,6,59,福州,现金,2025-06-03
6800000034,图书,历史书,9,78,北京,微信支付,2025-06-04
6800000035,运动户外,瑜伽垫,5,129,上海,银行卡,2025-06-05
6800000036,家居用品,台灯,7,119,广州,支付宝,2025-06-06
6800000037,食品,牛奶,40,6,深圳,信用卡,2025-06-07
6800000038,电子产品,键盘,4,199,杭州,现金,2025-06-08
6800000039,服装,T恤,12,99,成都,微信支付,2025-06-09
6800000040,美妆,面膜,15,45,武汉,支付宝,2025-06-10
6800000041,图书,Python编程书,3,88,南京,银行卡,2025-06-11
6800000042,运动户外,哑铃,2,199,西安,支付宝,2025-06-12
6800000043,家居用品,枕头,8,199,重庆,信用卡,2025-06-13
6800000044,食品,饼干,25,12,长沙,微信支付,2025-06-14
6800000045,电子产品,蓝牙耳机,6,299,苏州,现金,2025-06-15
6800000046,服装,牛仔裤,5,159,合肥,支付宝,2025-06-16
6800000047,美妆,口红,4,189,天津,银行卡,2025-06-17
6800000048,图书,小说,15,55,福州,微信支付,2025-06-18
6800000049,运动户外,帐篷,1,899,北京,信用卡,2025-06-19
6800000050,家居用品,保温杯,10,89,上海,现金,2025-06-20
6800000051,食品,海苔,8,29,广州,支付宝,2025-06-21
6800000052,电子产品,智能音箱,3,399,深圳,银行卡,2025-06-22
6800000053,服装,连衣裙,2,259,杭州,微信支付,2025-06-23
6800000054,美妆,防晒霜,6,159,成都,支付宝,2025-06-24
6800000055,图书,数据结构,5,69,武汉,信用卡,2025-06-25
6800000056,运动户外,跑步机,1,2999,南京,现金,2025-06-26
6800000057,家居用品,四件套,2,499,西安,微信支付,2025-06-27
6800000058,食品,巧克力,18,45,重庆,支付宝,2025-06-28
6800000059,电子产品,充电宝,7,129,长沙,银行卡,2025-06-29
6800000060,服装,外套,3,399,苏州,信用卡,2025-06-30
6800000061,美妆,洗面奶,9,59,合肥,支付宝,2025-06-01
6800000062,图书,算法导论,3,99,天津,现金,2025-06-02
6800000063,运动户外,瑜伽垫,8,129,福州,微信支付,2025-06-03
6800000064,家居用品,毛巾,35,25,北京,银行卡,2025-06-04
6800000065,食品,牛肉干,12,69,上海,信用卡,2025-06-05
6800000066,电子产品,平板电脑,1,2999,广州,支付宝,2025-06-06
6800000067,服装,运动鞋,4,329,深圳,现金,2025-06-07
6800000068,美妆,面膜,20,45,杭州,支付宝,2025-06-08
6800000069,图书,历史书,6,78,成都,微信支付,2025-06-09
6800000070,运动户外,哑铃,3,199,武汉,银行卡,2025-06-10
6800000071,家居用品,收纳箱,12,79,南京,信用卡,2025-06-11
6800000072,食品,牛奶,50,6,西安,支付宝,2025-06-12
6800000073,电子产品,键盘,5,199,重庆,现金,2025-06-13
6800000074,服装,T恤,15,99,长沙,微信支付,2025-06-14
6800000075,美妆,口红,6,189,苏州,银行卡,2025-06-15
6800000076,图书,Python编程书,4,88,合肥,信用卡,2025-06-16
6800000077,运动户外,帐篷,2,899,天津,支付宝,2025-06-17
6800000078,家居用品,台灯,9,119,福州,微信支付,2025-06-18
6800000079,食品,面包,30,15,北京,现金,2025-06-19
6800000080,电子产品,蓝牙耳机,5,299,上海,支付宝,2025-06-20
6800000081,服装,牛仔裤,7,159,广州,银行卡,2025-06-21
6800000082,美妆,防晒霜,4,159,深圳,信用卡,2025-06-22
6800000083,图书,小说,20,55,杭州,支付宝,2025-06-23
6800000084,运动户外,跑步机,2,2999,成都,现金,2025-06-24
6800000085,家居用品,枕头,6,199,武汉,微信支付,2025-06-25
6800000086,食品,坚果,25,88,南京,银行卡,2025-06-26
6800000087,电子产品,智能音箱,4,399,西安,信用卡,2025-06-27
6800000088,服装,连衣裙,3,259,重庆,支付宝,2025-06-28
6800000089,美妆,洗面奶,12,59,长沙,现金,2025-06-29
6800000090,图书,数据结构,6,69,苏州,微信支付,2025-06-30
6800000091,运动户外,瑜伽垫,10,129,合肥,银行卡,2025-06-01
6800000092,家居用品,保温杯,15,89,天津,信用卡,2025-06-02
6800000093,食品,海苔,10,29,福州,支付宝,2025-06-03
6800000094,电子产品,充电宝,9,129,北京,现金,2025-06-04
6800000095,服装,外套,2,399,上海,微信支付,2025-06-05
6800000096,美妆,面膜,18,45,广州,银行卡,2025-06-06
6800000097,图书,算法导论,4,99,深圳,信用卡,2025-06-07
6800000098,运动户外,哑铃,4,199,杭州,支付宝,2025-06-08
6800000099,家居用品,四件套,3,499,成都,现金,2025-06-09
6800000100,食品,巧克力,22,45,武汉,微信支付,2025-06-10
6800000101,电子产品,平板电脑,2,2999,南京,银行卡,2025-06-11
6800000102,服装,运动鞋,5,329,西安,信用卡,2025-06-12
6800000103,美妆,口红,7,189,重庆,支付宝,2025-06-13
6800000104,图书,历史书,8,78,长沙,现金,2025-06-14
6800000105,运动户外,帐篷,3,899,苏州,微信支付,2025-06-15
6800000106,家居用品,毛巾,40,25,合肥,银行卡,2025-06-16
6800000107,食品,牛肉干,15,69,天津,信用卡,2025-06-17
6800000108,电子产品,手机,1,4999,福州,支付宝,2025-06-18
6800000109,服装,T恤,18,99,北京,现金,2025-06-19
6800000110,美妆,防晒霜,5,159,上海,微信支付,2025-06-20
6800000111,图书,Python编程书,6,88,广州,银行卡,2025-06-21
6800000112,运动户外,跑步机,1,2999,深圳,信用卡,2025-06-22
6800000113,家居用品,收纳箱,10,79,杭州,支付宝,2025-06-23
6800000114,食品,牛奶,45,6,成都,现金,2025-06-24
6800000115,电子产品,键盘,6,199,武汉,微信支付,2025-06-25
6800000116,服装,牛仔裤,8,159,南京,银行卡,2025-06-26
6800000117,美妆,洗面奶,14,59,西安,信用卡,2025-06-27
6800000118,图书,小说,10,55,重庆,支付宝,2025-06-28
6800000119,运动户外,瑜伽垫,6,129,长沙,现金,2025-06-29
6800000120,家居用品,台灯,5,119,苏州,微信支付,2025-06-30
6800000121,食品,饼干,30,12,合肥,银行卡,2025-06-01
6800000122,电子产品,蓝牙耳机,3,299,天津,信用卡,2025-06-02
6800000123,服装,连衣裙,4,259,福州,支付宝,2025-06-03
6800000124,美妆,面膜,25,45,北京,现金,2025-06-04
6800000125,图书,数据结构,7,69,上海,微信支付,2025-06-05
6800000126,运动户外,哑铃,5,199,广州,银行卡,2025-06-06
6800000127,家居用品,枕头,9,199,深圳,信用卡,2025-06-07
6800000128,食品,面包,20,15,杭州,支付宝,2025-06-08
6800000129,电子产品,智能音箱,6,399,成都,现金,2025-06-09
6800000130,服装,外套,3,399,武汉,微信支付,2025-06-10
6800000131,美妆,防晒霜,8,159,南京,银行卡,2025-06-11
6800000132,图书,算法导论,5,99,西安,信用卡,2025-06-12
6800000133,运动户外,帐篷,2,899,重庆,支付宝,2025-06-13
6800000134,家居用品,保温杯,12,89,长沙,现金,2025-06-14
6800000135,食品,坚果,18,88,苏州,微信支付,2025-06-15
6800000136,电子产品,充电宝,10,129,合肥,银行卡,2025-06-16
6800000137,服装,运动鞋,6,329,天津,信用卡,2025-06-17
6800000138,美妆,口红,9,189,福州,支付宝,2025-06-18
6800000139,图书,历史书,12,78,北京,现金,2025-06-19
6800000140,运动户外,跑步机,2,2999,上海,微信支付,2025-06-20
6800000141,家居用品,四件套,4,499,广州,银行卡,2025-06-21
6800000142,食品,巧克力,15,45,深圳,信用卡,2025-06-22
6800000143,电子产品,平板电脑,1,2999,杭州,支付宝,2025-06-23
6800000144,服装,牛仔裤,9,159,成都,现金,2025-06-24
6800000145,美妆,洗面奶,16,59,武汉,微信支付,2025-06-25
6800000146,图书,小说,8,55,南京,银行卡,2025-06-26
6800000147,运动户外,瑜伽垫,12,129,西安,信用卡,2025-06-27
6800000148,家居用品,毛巾,25,25,重庆,支付宝,2025-06-28
6800000149,食品,海苔,12,29,长沙,现金,2025-06-29
6800000150,电子产品,键盘,7,199,苏州,微信支付,2025-06-30
6800000151,服装,T恤,20,99,合肥,银行卡,2025-06-01
6800000152,美妆,面膜,30,45,天津,信用卡,2025-06-02
6800000153,图书,Python编程书,5,88,福州,支付宝,2025-06-03
6800000154,运动户外,哑铃,6,199,北京,现金,2025-06-04
6800000155,家居用品,收纳箱,8,79,上海,微信支付,2025-06-05
6800000156,食品,牛奶,35,6,广州,银行卡,2025-06-06
6800000157,电子产品,手机,1,4999,深圳,信用卡,2025-06-07
6800000158,服装,连衣裙,2,259,杭州,支付宝,2025-06-08
6800000159,美妆,防晒霜,7,159,成都,现金,2025-06-09
6800000160,图书,数据结构,9,69,武汉,微信支付,2025-06-10
6800000161,运动户外,帐篷,1,899,南京,银行卡,2025-06-11
6800000162,家居用品,台灯,6,119,西安,信用卡,2025-06-12
6800000163,食品,面包,25,15,重庆,支付宝,2025-06-13
6800000164,电子产品,蓝牙耳机,4,299,长沙,现金,2025-06-14
6800000165,服装,外套,5,399,苏州,微信支付,2025-06-15
6800000166,美妆,口红,8,189,合肥,银行卡,2025-06-16
6800000167,图书,算法导论,6,99,天津,信用卡,2025-06-17
6800000168,运动户外,跑步机,1,2999,福州,支付宝,2025-06-18
6800000169,家居用品,枕头,7,199,北京,现金,2025-06-19
6800000170,食品,牛肉干,10,69,上海,微信支付,2025-06-20
6800000171,电子产品,智能音箱,5,399,广州,银行卡,2025-06-21
6800000172,服装,运动鞋,7,329,深圳,信用卡,2025-06-22
6800000173,美妆,洗面奶,20,59,杭州,支付宝,2025-06-23
6800000174,图书,历史书,5,78,成都,现金,2025-06-24
6800000175,运动户外,瑜伽垫,15,129,武汉,微信支付,2025-06-25
6800000176,家居用品,保温杯,18,89,南京,银行卡,2025-06-26
6800000177,食品,饼干,40,12,西安,信用卡,2025-06-27
6800000178,电子产品,充电宝,6,129,重庆,支付宝,2025-06-28
6800000179,服装,牛仔裤,4,159,长沙,现金,2025-06-29
6800000180,美妆,面膜,22,45,苏州,微信支付,2025-06-30
6800000181,图书,小说,15,55,合肥,银行卡,2025-06-01
6800000182,运动户外,哑铃,3,199,天津,信用卡,2025-06-02
6800000183,家居用品,四件套,2,499,福州,支付宝,2025-06-03
6800000184,食品,巧克力,20,45,北京,现金,2025-06-04
6800000185,电子产品,平板电脑,1,2999,上海,微信支付,2025-06-05
6800000186,服装,T恤,25,99,广州,银行卡,2025-06-06
6800000187,美妆,口红,10,189,深圳,信用卡,2025-06-07
6800000188,图书,Python编程书,7,88,杭州,支付宝,2025-06-08
6800000189,运动户外,帐篷,2,899,成都,现金,2025-06-09
6800000190,家居用品,毛巾,50,25,武汉,微信支付,2025-06-10
6800000191,食品,海苔,15,29,南京,银行卡,2025-06-11
6800000192,电子产品,键盘,8,199,西安,信用卡,2025-06-12
6800000193,服装,连衣裙,6,259,重庆,支付宝,2025-06-13
6800000194,美妆,防晒霜,9,159,长沙,现金,2025-06-14
6800000195,图书,数据结构,4,69,苏州,微信支付,2025-06-15
6800000196,运动户外,跑步机,1,2999,合肥,银行卡,2025-06-16
6800000197,家居用品,收纳箱,15,79,天津,信用卡,2025-06-17
6800000198,食品,牛奶,30,6,福州,支付宝,2025-06-18
6800000199,电子产品,手机,2,4999,北京,现金,2025-06-19
6800000200,服装,外套,4,399,上海,微信支付,2025-06-20
6800000201,美妆,洗面奶,10,59,广州,银行卡,2025-06-21
6800000202,图书,算法导论,8,99,深圳,信用卡,2025-06-22
6800000203,运动户外,瑜伽垫,20,129,杭州,支付宝,2025-06-23
6800000204,家居用品,台灯,9,119,成都,现金,2025-06-24
6800000205,食品,坚果,25,88,武汉,微信支付,2025-06-25
6800000206,电子产品,蓝牙耳机,5,299,南京,银行卡,2025-06-26
6800000207,服装,运动鞋,3,329,西安,信用卡,2025-06-27
6800000208,美妆,面膜,28,45,重庆,支付宝,2025-06-28
6800000209,图书,历史书,10,78,长沙,现金,2025-06-29
6800000210,运动户外,哑铃,5,199,苏州,微信支付,2025-06-30
6800000211,家居用品,枕头,8,199,合肥,银行卡,2025-06-01
6800000212,食品,面包,35,15,天津,信用卡,2025-06-02
6800000213,电子产品,智能音箱,4,399,福州,支付宝,2025-06-03
6800000214,服装,牛仔裤,7,159,北京,现金,2025-06-04
6800000215,美妆,口红,12,189,上海,微信支付,2025-06-05
6800000216,图书,小说,18,55,广州,银行卡,2025-06-06
6800000217,运动户外,帐篷,3,899,深圳,信用卡,2025-06-07
6800000218,家居用品,保温杯,22,89,杭州,支付宝,2025-06-08
6800000219,食品,牛肉干,14,69,成都,现金,2025-06-09
6800000220,电子产品,充电宝,11,129,武汉,微信支付,2025-06-10
6800000221,服装,T恤,30,99,南京,银行卡,2025-06-11
6800000222,美妆,洗面奶,15,59,西安,信用卡,2025-06-12
6800000223,图书,Python编程书,9,88,重庆,支付宝,2025-06-13
6800000224,运动户外,跑步机,2,2999,长沙,现金,2025-06-14
6800000225,家居用品,四件套,5,499,苏州,微信支付,2025-06-15
6800000226,食品,巧克力,30,45,合肥,银行卡,2025-06-16
6800000227,电子产品,平板电脑,3,2999,天津,信用卡,2025-06-17
6800000228,服装,连衣裙,5,259,福州,支付宝,2025-06-18
6800000229,美妆,防晒霜,10,159,北京,现金,2025-06-19
6800000230,图书,数据结构,11,69,上海,微信支付,2025-06-20
6800000231,运动户外,瑜伽垫,18,129,广州,银行卡,2025-06-21
6800000232,家居用品,毛巾,45,25,深圳,信用卡,2025-06-22
6800000233,食品,海苔,20,29,杭州,支付宝,2025-06-23
6800000234,电子产品,键盘,9,199,成都,现金,2025-06-24
6800000235,服装,外套,6,399,武汉,微信支付,2025-06-25
6800000236,美妆,面膜,35,45,南京,银行卡,2025-06-26
6800000237,图书,算法导论,7,99,西安,信用卡,2025-06-27
6800000238,运动户外,哑铃,8,199,重庆,支付宝,2025-06-28
6800000239,家居用品,收纳箱,20,79,长沙,现金,2025-06-29
6800000240,食品,牛奶,40,6,苏州,微信支付,2025-06-30
6800000241,电子产品,手机,2,4999,合肥,银行卡,2025-06-01
6800000242,服装,运动鞋,5,329,天津,信用卡,2025-06-02
6800000243,美妆,口红,15,189,福州,支付宝,2025-06-03
6800000244,图书,历史书,14,78,北京,现金,2025-06-04
6800000245,运动户外,帐篷,4,899,上海,微信支付,2025-06-05
6800000246,家居用品,台灯,12,119,广州,银行卡,2025-06-06
6800000247,食品,饼干,50,12,深圳,信用卡,2025-06-07
6800000248,电子产品,蓝牙耳机,7,299,杭州,支付宝,2025-06-08
6800000249,服装,牛仔裤,10,159,成都,现金,2025-06-09
6800000250,美妆,洗面奶,25,59,武汉,微信支付,2025-06-10
6800000251,图书,小说,22,55,南京,银行卡,2025-06-11
6800000252,运动户外,跑步机,1,2999,西安,信用卡,2025-06-12
6800000253,家居用品,枕头,15,199,重庆,支付宝,2025-06-13
6800000254,食品,坚果,30,88,长沙,现金,2025-06-14
6800000255,电子产品,智能音箱,8,399,苏州,微信支付,2025-06-15
6800000256,服装,T恤,35,99,合肥,银行卡,2025-06-16
6800000257,美妆,面膜,40,45,天津,信用卡,2025-06-17
6800000258,图书,Python编程书,12,88,福州,支付宝,2025-06-18
6800000259,运动户外,瑜伽垫,25,129,北京,现金,2025-06-19
6800000260,家居用品,保温杯,30,89,上海,微信支付,2025-06-20
6800000261,食品,面包,45,15,广州,银行卡,2025-06-21
6800000262,电子产品,充电宝,15,129,深圳,信用卡,2025-06-22
6800000263,服装,连衣裙,8,259,杭州,支付宝,2025-06-23
6800000264,美妆,防晒霜,12,159,成都,现金,2025-06-24
6800000265,图书,数据结构,14,69,武汉,微信支付,2025-06-25
6800000266,运动户外,哑铃,10,199,南京,银行卡,2025-06-26
6800000267,家居用品,四件套,6,499,西安,信用卡,2025-06-27
6800000268,食品,巧克力,35,45,重庆,支付宝,2025-06-28
6800000269,电子产品,平板电脑,4,2999,长沙,现金,2025-06-29
6800000270,服装,外套,9,399,苏州,微信支付,2025-06-30
6800000271,美妆,口红,20,189,合肥,银行卡,2025-06-01
6800000272,图书,算法导论,10,99,天津,信用卡,2025-06-02
6800000273,运动户外,帐篷,5,899,福州,支付宝,2025-06-03
6800000274,家居用品,毛巾,60,25,北京,现金,2025-06-04
6800000275,食品,海苔,25,29,上海,微信支付,2025-06-05
6800000276,电子产品,键盘,12,199,广州,银行卡,2025-06-06
6800000277,服装,运动鞋,8,329,深圳,信用卡,2025-06-07
6800000278,美妆,洗面奶,30,59,杭州,支付宝,2025-06-08
6800000279,图书,历史书,20,78,成都,现金,2025-06-09
6800000280,运动户外,跑步机,3,2999,武汉,微信支付,2025-06-10
6800000281,家居用品,收纳箱,25,79,南京,银行卡,2025-06-11
6800000282,食品,牛奶,55,6,西安,信用卡,2025-06-12
6800000283,电子产品,手机,3,4999,重庆,支付宝,2025-06-13
6800000284,服装,牛仔裤,12,159,长沙,现金,2025-06-14
6800000285,美妆,面膜,45,45,苏州,微信支付,2025-06-15
6800000286,图书,小说,30,55,合肥,银行卡,2025-06-16
6800000287,运动户外,瑜伽垫,30,129,天津,信用卡,2025-06-17
6800000288,家居用品,台灯,15,119,福州,支付宝,2025-06-18
6800000289,食品,牛肉干,20,69,北京,现金,2025-06-19
6800000290,电子产品,蓝牙耳机,10,299,上海,微信支付,2025-06-20
6800000291,服装,T恤,40,99,广州,银行卡,2025-06-21
6800000292,美妆,防晒霜,18,159,深圳,信用卡,2025-06-22
6800000293,图书,Python编程书,15,88,杭州,支付宝,2025-06-23
6800000294,运动户外,哑铃,12,199,成都,现金,2025-06-24
6800000295,家居用品,枕头,25,199,武汉,微信支付,2025-06-25
6800000296,食品,坚果,35,88,南京,银行卡,2025-06-26
6800000297,电子产品,智能音箱,15,399,西安,信用卡,2025-06-27
6800000298,服装,连衣裙,10,259,重庆,支付宝,2025-06-28
6800000299,美妆,口红,25,189,长沙,现金,2025-06-29
6800000300,图书,算法导论,20,99,苏州,微信支付,2025-06-30